updated_at,id,start_date,end_date,election_type,result_type,special,office,district,name_raw,last_name,first_name,suffix,middle_name,party,parent_jurisdiction,jurisdiction,division,votes,votes_type,total_votes,winner,write_in,year,election_day,absentee,second_absentee,provisional
2015-10-09 20:39:53.653000,md-2012-04-03-primary,2012-04-03 00:00:00,2012-04-03 00:00:00,primary,certified,False,President - Vice Pres,,Barack Obama,,,,,DEM,,Allegany,ocd-division/country:us/state:md/county:allegany,2290,,,,,2012,1976,114,15,17
2015-10-09 20:39:53.653000,md-2012-04-03-primary,2012-04-03 00:00:00,2012-04-03 00:00:00,primary,certified,False,President - Vice Pres,,Uncommitted To Any Presidential Candidate,,,,,DEM,,Allegany,ocd-division/country:us/state:md/county:allegany,1120,,,,,2012,1023,38,5,8
2015-10-09 20:39:55.354000,md-2012-04-03-primary,2012-04-03 00:00:00,2012-04-03 00:00:00,primary,certified,False,President - Vice Pres,,Newt Gingrich,,,,,REP,,Allegany,ocd-division/country:us/state:md/county:allegany,992,,,,,2012,880,48,7,7
2015-10-09 20:39:55.354000,md-2012-04-03-primary,2012-04-03 00:00:00,2012-04-03 00:00:00,primary,certified,False,President - Vice Pres,,Jon Huntsman,,,,,REP,,Allegany,ocd-division/country:us/state:md/county:allegany,24,,,,,2012,21,1,0,1
2015-10-09 20:39:55.354000,md-2012-04-03-primary,2012-04-03 00:00:00,2012-04-03 00:00:00,primary,certified,False,President - Vice Pres,,Fred Karger,,,,,REP,,Allegany,ocd-division/country:us/state:md/county:allegany,12,,,,,2012,10,1,0,0
2015-10-09 20:39:55.354000,md-2012-04-03-primary,2012-04-03 00:00:00,2012-04-03 00:00:00,primary,certified,False,President - Vice Pres,,Ron Paul,,,,,REP,,Allegany,ocd-division/country:us/state:md/county:allegany,433,,,,,2012,390,13,3,5
2015-10-09 20:39:55.354000,md-2012-04-03-primary,2012-04-03 00:00:00,2012-04-03 00:00:00,primary,certified,False,President - Vice Pres,,Rick Perry,,,,,REP,,Allegany,ocd-division/country:us/state:md/county:allegany,42,,,,,2012,40,1,0,0
2015-10-09 20:39:55.354000,md-2012-04-03-primary,2012-04-03 00:00:00,2012-04-03 00:00:00,primary,certified,False,President - Vice Pres,,Buddy Roemer,,,,,REP,,Allegany,ocd-division/country:us/state:md/county:allegany,24,,,,,2012,23,0,0,0
2015-10-09 20:39:55.354000,md-2012-04-03-primary,2012-04-03 00:00:00,2012-04-03 00:00:00,primary,certified,False,President - Vice Pres,,Mitt Romney,,,,,REP,,Allegany,ocd-division/country:us/state:md/county:allegany,2781,,,,,2012,2520,104,8,14
2015-10-09 20:39:55.354000,md-2012-04-03-primary,2012-04-03 00:00:00,2012-04-03 00:00:00,primary,certified,False,President - Vice Pres,,Rick Santorum,,,,,REP,,Allegany,ocd-division/country:us/state:md/county:allegany,2372,,,,,2012,2174,58,8,16
2015-10-09 20:40:08.965000,md-2012-04-03-primary,2012-04-03 00:00:00,2012-04-03 00:00:00,primary,certified,False,President - Vice Pres,,Barack Obama,,,,,DEM,,Anne Arundel,ocd-division/country:us/state:md/county:anne_arundel,2682,,,,,2012,2105,44,25,65
2015-10-09 20:40:08.965000,md-2012-04-03-primary,2012-04-03 00:00:00,2012-04-03 00:00:00,primary,certified,False,President - Vice Pres,,Uncommitted To Any Presidential Candidate,,,,,DEM,,Anne Arundel,ocd-division/country:us/state:md/county:anne_arundel,340,,,,,2012,294,8,1,1
2015-10-09 20:40:08.965000,md-2012-04-03-primary,2012-04-03 00:00:00,2012-04-03 00:00:00,primary,certified,False,President - Vice Pres,,Barack Obama,,,,,DEM,,Anne Arundel,ocd-division/country:us/state:md/county:anne_arundel,8725,,,,,2012,6802,127,75,134
2015-10-09 20:40:08.965000,md-2012-04-03-primary,2012-04-03 00:00:00,2012-04-03 00:00:00,primary,certified,False,President - Vice Pres,,Uncommitted To Any Presidential Candidate,,,,,DEM,,Anne Arundel,ocd-division/country:us/state:md/county:anne_arundel,1767,,,,,2012,1454,39,11,10
2015-10-09 20:40:08.965000,md-2012-04-03-primary,2012-04-03 00:00:00,2012-04-03 00:00:00,primary,certified,False,President - Vice Pres,,Barack Obama,,,,,DEM,,Anne Arundel,ocd-division/country:us/state:md/county:anne_arundel,6160,,,,,2012,4614,119,37,46
2015-10-09 20:40:08.965000,md-2012-04-03-primary,2012-04-03 00:00:00,2012-04-03 00:00:00,primary,certified,False,President - Vice Pres,,Uncommitted To Any Presidential Candidate,,,,,DEM,,Anne Arundel,ocd-division/country:us/state:md/county:anne_arundel,1386,,,,,2012,1121,46,7,4
2015-10-09 20:40:08.965000,md-2012-04-03-primary,2012-04-03 00:00:00,2012-04-03 00:00:00,primary,certified,False,President - Vice Pres,,Barack Obama,,,,,DEM,,Anne Arundel,ocd-division/country:us/state:md/county:anne_arundel,2101,,,,,2012,1654,0,43,23
2015-10-09 20:40:08.965000,md-2012-04-03-primary,2012-04-03 00:00:00,2012-04-03 00:00:00,primary,certified,False,President - Vice Pres,,Uncommitted To Any Presidential Candidate,,,,,DEM,,Anne Arundel,ocd-division/country:us/state:md/county:anne_arundel,457,,,,,2012,364,0,10,2
2015-10-09 20:40:14.082000,md-2012-04-03-primary,2012-04-03 00:00:00,2012-04-03 00:00:00,primary,certified,False,President - Vice Pres,,Newt Gingrich,,,,,REP,,Anne Arundel,ocd-division/country:us/state:md/county:anne_arundel,239,,,,,2012,212,3,0,1
2015-10-09 20:40:14.082000,md-2012-04-03-primary,2012-04-03 00:00:00,2012-04-03 00:00:00,primary,certified,False,President - Vice Pres,,Jon Huntsman,,,,,REP,,Anne Arundel,ocd-division/country:us/state:md/county:anne_arundel,15,,,,,2012,14,0,0,0
2015-10-09 20:40:14.082000,md-2012-04-03-primary,2012-04-03 00:00:00,2012-04-03 00:00:00,primary,certified,False,President - Vice Pres,,Fred Karger,,,,,REP,,Anne Arundel,ocd-division/country:us/state:md/county:anne_arundel,5,,,,,2012,5,0,0,0
2015-10-09 20:40:14.082000,md-2012-04-03-primary,2012-04-03 00:00:00,2012-04-03 00:00:00,primary,certified,False,President - Vice Pres,,Ron Paul,,,,,REP,,Anne Arundel,ocd-division/country:us/state:md/county:anne_arundel,241,,,,,2012,217,2,2,3
2015-10-09 20:40:14.082000,md-2012-04-03-primary,2012-04-03 00:00:00,2012-04-03 00:00:00,primary,certified,False,President - Vice Pres,,Rick Perry,,,,,REP,,Anne Arundel,ocd-division/country:us/state:md/county:anne_arundel,8,,,,,2012,7,0,0,0
2015-10-09 20:40:14.082000,md-2012-04-03-primary,2012-04-03 00:00:00,2012-04-03 00:00:00,primary,certified,False,President - Vice Pres,,Buddy Roemer,,,,,REP,,Anne Arundel,ocd-division/country:us/state:md/county:anne_arundel,8,,,,,2012,5,0,0,0
2015-10-09 20:40:14.082000,md-2012-04-03-primary,2012-04-03 00:00:00,2012-04-03 00:00:00,primary,certified,False,President - Vice Pres,,Mitt Romney,,,,,REP,,Anne Arundel,ocd-division/country:us/state:md/county:anne_arundel,1043,,,,,2012,892,11,10,10
2015-10-09 20:40:14.082000,md-2012-04-03-primary,2012-04-03 00:00:00,2012-04-03 00:00:00,primary,certified,False,President - Vice Pres,,Rick Santorum,,,,,REP,,Anne Arundel,ocd-division/country:us/state:md/county:anne_arundel,665,,,,,2012,571,14,0,5
2015-10-09 20:40:14.082000,md-2012-04-03-primary,2012-04-03 00:00:00,2012-04-03 00:00:00,primary,certified,False,President - Vice Pres,,Newt Gingrich,,,,,REP,,Anne Arundel,ocd-division/country:us/state:md/county:anne_arundel,1261,,,,,2012,1081,25,8,13
2015-10-09 20:40:14.082000,md-2012-04-03-primary,2012-04-03 00:00:00,2012-04-03 00:00:00,primary,certified,False,President - Vice Pres,,Jon Huntsman,,,,,REP,,Anne Arundel,ocd-division/country:us/state:md/county:anne_arundel,69,,,,,2012,58,3,1,1
2015-10-09 20:40:14.082000,md-2012-04-03-primary,2012-04-03 00:00:00,2012-04-03 00:00:00,primary,certified,False,President - Vice Pres,,Fred Karger,,,,,REP,,Anne Arundel,ocd-division/country:us/state:md/county:anne_arundel,18,,,,,2012,11,2,0,0
2015-10-09 20:40:14.082000,md-2012-04-03-primary,2012-04-03 00:00:00,2012-04-03 00:00:00,primary,certified,False,President - Vice Pres,,Ron Paul,,,,,REP,,Anne Arundel,ocd-division/country:us/state:md/county:anne_arundel,1047,,,,,2012,898,21,4,18
2015-10-09 20:40:14.082000,md-2012-04-03-primary,2012-04-03 00:00:00,2012-04-03 00:00:00,primary,certified,False,President - Vice Pres,,Rick Perry,,,,,REP,,Anne Arundel,ocd-division/country:us/state:md/county:anne_arundel,58,,,,,2012,49,2,0,1
2015-10-09 20:40:14.082000,md-2012-04-03-primary,2012-04-03 00:00:00,2012-04-03 00:00:00,primary,certified,False,President - Vice Pres,,Buddy Roemer,,,,,REP,,Anne Arundel,ocd-division/country:us/state:md/county:anne_arundel,39,,,,,2012,32,2,0,1
2015-10-09 20:40:14.082000,md-2012-04-03-primary,2012-04-03 00:00:00,2012-04-03 00:00:00,primary,certified,False,President - Vice Pres,,Mitt Romney,,,,,REP,,Anne Arundel,ocd-division/country:us/state:md/county:anne_arundel,5750,,,,,2012,4843,133,33,52
2015-10-09 20:40:14.082000,md-2012-04-03-primary,2012-04-03 00:00:00,2012-04-03 00:00:00,primary,certified,False,President - Vice Pres,,Rick Santorum,,,,,REP,,Anne Arundel,ocd-division/country:us/state:md/county:anne_arundel,2675,,,,,2012,2292,40,15,25
2015-10-09 20:40:14.082000,md-2012-04-03-primary,2012-04-03 00:00:00,2012-04-03 00:00:00,primary,certified,False,President - Vice Pres,,Newt Gingrich,,,,,REP,,Anne Arundel,ocd-division/country:us/state:md/county:anne_arundel,1633,,,,,2012,1356,29,7,11
2015-10-09 20:40:14.082000,md-2012-04-03-primary,2012-04-03 00:00:00,2012-04-03 00:00:00,primary,certified,False,President - Vice Pres,,Jon Huntsman,,,,,REP,,Anne Arundel,ocd-division/country:us/state:md/county:anne_arundel,68,,,,,2012,54,0,0,0
2015-10-09 20:40:14.082000,md-2012-04-03-primary,2012-04-03 00:00:00,2012-04-03 00:00:00,primary,certified,False,President - Vice Pres,,Fred Karger,,,,,REP,,Anne Arundel,ocd-division/country:us/state:md/county:anne_arundel,21,,,,,2012,17,0,0,0
2015-10-09 20:40:14.082000,md-2012-04-03-primary,2012-04-03 00:00:00,2012-04-03 00:00:00,primary,certified,False,President - Vice Pres,,Ron Paul,,,,,REP,,Anne Arundel,ocd-division/country:us/state:md/county:anne_arundel,1193,,,,,2012,989,27,9,23
2015-10-09 20:40:14.082000,md-2012-04-03-primary,2012-04-03 00:00:00,2012-04-03 00:00:00,primary,certified,False,President - Vice Pres,,Rick Perry,,,,,REP,,Anne Arundel,ocd-division/country:us/state:md/county:anne_arundel,44,,,,,2012,36,2,0,0
2015-10-09 20:40:14.082000,md-2012-04-03-primary,2012-04-03 00:00:00,2012-04-03 00:00:00,primary,certified,False,President - Vice Pres,,Buddy Roemer,,,,,REP,,Anne Arundel,ocd-division/country:us/state:md/county:anne_arundel,55,,,,,2012,38,2,0,1
2015-10-09 20:40:14.082000,md-2012-04-03-primary,2012-04-03 00:00:00,2012-04-03 00:00:00,primary,certified,False,President - Vice Pres,,Mitt Romney,,,,,REP,,Anne Arundel,ocd-division/country:us/state:md/county:anne_arundel,8255,,,,,2012,6718,137,41,54
2015-10-09 20:40:14.082000,md-2012-04-03-primary,2012-04-03 00:00:00,2012-04-03 00:00:00,primary,certified,False,President - Vice Pres,,Rick Santorum,,,,,REP,,Anne Arundel,ocd-division/country:us/state:md/county:anne_arundel,3452,,,,,2012,2932,50,13,28
2015-10-09 20:40:14.082000,md-2012-04-03-primary,2012-04-03 00:00:00,2012-04-03 00:00:00,primary,certified,False,President - Vice Pres,,Newt Gingrich,,,,,REP,,Anne Arundel,ocd-division/country:us/state:md/county:anne_arundel,444,,,,,2012,373,6,4,3
2015-10-09 20:40:14.082000,md-2012-04-03-primary,2012-04-03 00:00:00,2012-04-03 00:00:00,primary,certified,False,President - Vice Pres,,Jon Huntsman,,,,,REP,,Anne Arundel,ocd-division/country:us/state:md/county:anne_arundel,20,,,,,2012,15,0,0,0
2015-10-09 20:40:14.082000,md-2012-04-03-primary,2012-04-03 00:00:00,2012-04-03 00:00:00,primary,certified,False,President - Vice Pres,,Fred Karger,,,,,REP,,Anne Arundel,ocd-division/country:us/state:md/county:anne_arundel,5,,,,,2012,5,0,0,0
2015-10-09 20:40:14.082000,md-2012-04-03-primary,2012-04-03 00:00:00,2012-04-03 00:00:00,primary,certified,False,President - Vice Pres,,Ron Paul,,,,,REP,,Anne Arundel,ocd-division/country:us/state:md/county:anne_arundel,333,,,,,2012,282,4,5,6
2015-10-09 20:40:14.082000,md-2012-04-03-primary,2012-04-03 00:00:00,2012-04-03 00:00:00,primary,certified,False,President - Vice Pres,,Rick Perry,,,,,REP,,Anne Arundel,ocd-division/country:us/state:md/county:anne_arundel,9,,,,,2012,8,0,0,0
2015-10-09 20:40:14.082000,md-2012-04-03-primary,2012-04-03 00:00:00,2012-04-03 00:00:00,primary,certified,False,President - Vice Pres,,Buddy Roemer,,,,,REP,,Anne Arundel,ocd-division/country:us/state:md/county:anne_arundel,13,,,,,2012,12,0,0,0
2015-10-09 20:40:14.082000,md-2012-04-03-primary,2012-04-03 00:00:00,2012-04-03 00:00:00,primary,certified,False,President - Vice Pres,,Mitt Romney,,,,,REP,,Anne Arundel,ocd-division/country:us/state:md/county:anne_arundel,2165,,,,,2012,1817,33,11,17
2015-10-09 20:40:14.082000,md-2012-04-03-primary,2012-04-03 00:00:00,2012-04-03 00:00:00,primary,certified,False,President - Vice Pres,,Rick Santorum,,,,,REP,,Anne Arundel,ocd-division/country:us/state:md/county:anne_arundel,1028,,,,,2012,871,16,7,4
2015-10-09 20:40:30.451000,md-2012-04-03-primary,2012-04-03 00:00:00,2012-04-03 00:00:00,primary,certified,False,President - Vice Pres,,Barack Obama,,,,,DEM,,Baltimore,ocd-division/country:us/state:md/county:baltimore,1489,,,,,2012,1134,27,6,10
2015-10-09 20:40:30.451000,md-2012-04-03-primary,2012-04-03 00:00:00,2012-04-03 00:00:00,primary,certified,False,President - Vice Pres,,Uncommitted To Any Presidential Candidate,,,,,DEM,,Baltimore,ocd-division/country:us/state:md/county:baltimore,756,,,,,2012,601,12,3,4
2015-10-09 20:40:30.451000,md-2012-04-03-primary,2012-04-03 00:00:00,2012-04-03 00:00:00,primary,certified,False,President - Vice Pres,,Barack Obama,,,,,DEM,,Baltimore,ocd-division/country:us/state:md/county:baltimore,17577,,,,,2012,13304,423,33,159
2015-10-09 20:40:30.451000,md-2012-04-03-primary,2012-04-03 00:00:00,2012-04-03 00:00:00,primary,certified,False,President - Vice Pres,,Uncommitted To Any Presidential Candidate,,,,,DEM,,Baltimore,ocd-division/country:us/state:md/county:baltimore,3841,,,,,2012,3284,117,3,16
2015-10-09 20:40:30.451000,md-2012-04-03-primary,2012-04-03 00:00:00,2012-04-03 00:00:00,primary,certified,False,President - Vice Pres,,Barack Obama,,,,,DEM,,Baltimore,ocd-division/country:us/state:md/county:baltimore,6282,,,,,2012,5165,249,13,49
2015-10-09 20:40:30.451000,md-2012-04-03-primary,2012-04-03 00:00:00,2012-04-03 00:00:00,primary,certified,False,President - Vice Pres,,Uncommitted To Any Presidential Candidate,,,,,DEM,,Baltimore,ocd-division/country:us/state:md/county:baltimore,1941,,,,,2012,1683,78,2,10
2015-10-09 20:40:30.451000,md-2012-04-03-primary,2012-04-03 00:00:00,2012-04-03 00:00:00,primary,certified,False,President - Vice Pres,,Barack Obama,,,,,DEM,,Baltimore,ocd-division/country:us/state:md/county:baltimore,12751,,,,,2012,9600,309,40,85
2015-10-09 20:40:30.451000,md-2012-04-03-primary,2012-04-03 00:00:00,2012-04-03 00:00:00,primary,certified,False,President - Vice Pres,,Uncommitted To Any Presidential Candidate,,,,,DEM,,Baltimore,ocd-division/country:us/state:md/county:baltimore,1568,,,,,2012,1292,75,5,4
2015-10-09 20:40:36.367000,md-2012-04-03-primary,2012-04-03 00:00:00,2012-04-03 00:00:00,primary,certified,False,President - Vice Pres,,Newt Gingrich,,,,,REP,,Baltimore,ocd-division/country:us/state:md/county:baltimore,480,,,,,2012,400,3,2,4
2015-10-09 20:40:36.367000,md-2012-04-03-primary,2012-04-03 00:00:00,2012-04-03 00:00:00,primary,certified,False,President - Vice Pres,,Jon Huntsman,,,,,REP,,Baltimore,ocd-division/country:us/state:md/county:baltimore,18,,,,,2012,16,0,0,0
2015-10-09 20:40:36.367000,md-2012-04-03-primary,2012-04-03 00:00:00,2012-04-03 00:00:00,primary,certified,False,President - Vice Pres,,Fred Karger,,,,,REP,,Baltimore,ocd-division/country:us/state:md/county:baltimore,3,,,,,2012,2,0,0,0
2015-10-09 20:40:36.367000,md-2012-04-03-primary,2012-04-03 00:00:00,2012-04-03 00:00:00,primary,certified,False,President - Vice Pres,,Ron Paul,,,,,REP,,Baltimore,ocd-division/country:us/state:md/county:baltimore,626,,,,,2012,553,9,2,5
2015-10-09 20:40:36.367000,md-2012-04-03-primary,2012-04-03 00:00:00,2012-04-03 00:00:00,primary,certified,False,President - Vice Pres,,Rick Perry,,,,,REP,,Baltimore,ocd-division/country:us/state:md/county:baltimore,9,,,,,2012,7,1,0,0
2015-10-09 20:40:36.367000,md-2012-04-03-primary,2012-04-03 00:00:00,2012-04-03 00:00:00,primary,certified,False,President - Vice Pres,,Buddy Roemer,,,,,REP,,Baltimore,ocd-division/country:us/state:md/county:baltimore,11,,,,,2012,9,0,0,0
2015-10-09 20:40:36.367000,md-2012-04-03-primary,2012-04-03 00:00:00,2012-04-03 00:00:00,primary,certified,False,President - Vice Pres,,Mitt Romney,,,,,REP,,Baltimore,ocd-division/country:us/state:md/county:baltimore,2133,,,,,2012,1687,35,3,9
2015-10-09 20:40:36.367000,md-2012-04-03-primary,2012-04-03 00:00:00,2012-04-03 00:00:00,primary,certified,False,President - Vice Pres,,Rick Santorum,,,,,REP,,Baltimore,ocd-division/country:us/state:md/county:baltimore,1155,,,,,2012,962,16,3,6
2015-10-09 20:40:36.367000,md-2012-04-03-primary,2012-04-03 00:00:00,2012-04-03 00:00:00,primary,certified,False,President - Vice Pres,,Newt Gingrich,,,,,REP,,Baltimore,ocd-division/country:us/state:md/county:baltimore,1601,,,,,2012,1405,44,3,14
2015-10-09 20:40:36.367000,md-2012-04-03-primary,2012-04-03 00:00:00,2012-04-03 00:00:00,primary,certified,False,President - Vice Pres,,Jon Huntsman,,,,,REP,,Baltimore,ocd-division/country:us/state:md/county:baltimore,64,,,,,2012,47,6,0,0
2015-10-09 20:40:36.367000,md-2012-04-03-primary,2012-04-03 00:00:00,2012-04-03 00:00:00,primary,certified,False,President - Vice Pres,,Fred Karger,,,,,REP,,Baltimore,ocd-division/country:us/state:md/county:baltimore,15,,,,,2012,11,2,0,1
2015-10-09 20:40:36.367000,md-2012-04-03-primary,2012-04-03 00:00:00,2012-04-03 00:00:00,primary,certified,False,President - Vice Pres,,Ron Paul,,,,,REP,,Baltimore,ocd-division/country:us/state:md/county:baltimore,1875,,,,,2012,1702,23,5,29
2015-10-09 20:40:36.367000,md-2012-04-03-primary,2012-04-03 00:00:00,2012-04-03 00:00:00,primary,certified,False,President - Vice Pres,,Rick Perry,,,,,REP,,Baltimore,ocd-division/country:us/state:md/county:baltimore,84,,,,,2012,68,9,0,1
2015-10-09 20:40:36.367000,md-2012-04-03-primary,2012-04-03 00:00:00,2012-04-03 00:00:00,primary,certified,False,President - Vice Pres,,Buddy Roemer,,,,,REP,,Baltimore,ocd-division/country:us/state:md/county:baltimore,48,,,,,2012,33,3,0,1
2015-10-09 20:40:36.367000,md-2012-04-03-primary,2012-04-03 00:00:00,2012-04-03 00:00:00,primary,certified,False,President - Vice Pres,,Mitt Romney,,,,,REP,,Baltimore,ocd-division/country:us/state:md/county:baltimore,7149,,,,,2012,6228,202,10,43
2015-10-09 20:40:36.367000,md-2012-04-03-primary,2012-04-03 00:00:00,2012-04-03 00:00:00,primary,certified,False,President - Vice Pres,,Rick Santorum,,,,,REP,,Baltimore,ocd-division/country:us/state:md/county:baltimore,3810,,,,,2012,3296,103,2,24
2015-10-09 20:40:36.367000,md-2012-04-03-primary,2012-04-03 00:00:00,2012-04-03 00:00:00,primary,certified,False,President - Vice Pres,,Newt Gingrich,,,,,REP,,Baltimore,ocd-division/country:us/state:md/county:baltimore,567,,,,,2012,500,18,2,4
2015-10-09 20:40:36.367000,md-2012-04-03-primary,2012-04-03 00:00:00,2012-04-03 00:00:00,primary,certified,False,President - Vice Pres,,Jon Huntsman,,,,,REP,,Baltimore,ocd-division/country:us/state:md/county:baltimore,29,,,,,2012,24,1,0,0
2015-10-09 20:40:36.367000,md-2012-04-03-primary,2012-04-03 00:00:00,2012-04-03 00:00:00,primary,certified,False,President - Vice Pres,,Fred Karger,,,,,REP,,Baltimore,ocd-division/country:us/state:md/county:baltimore,6,,,,,2012,5,0,0,1
2015-10-09 20:40:36.367000,md-2012-04-03-primary,2012-04-03 00:00:00,2012-04-03 00:00:00,primary,certified,False,President - Vice Pres,,Ron Paul,,,,,REP,,Baltimore,ocd-division/country:us/state:md/county:baltimore,573,,,,,2012,509,7,1,8
2015-10-09 20:40:36.367000,md-2012-04-03-primary,2012-04-03 00:00:00,2012-04-03 00:00:00,primary,certified,False,President - Vice Pres,,Rick Perry,,,,,REP,,Baltimore,ocd-division/country:us/state:md/county:baltimore,21,,,,,2012,19,2,0,0
2015-10-09 20:40:36.367000,md-2012-04-03-primary,2012-04-03 00:00:00,2012-04-03 00:00:00,primary,certified,False,President - Vice Pres,,Buddy Roemer,,,,,REP,,Baltimore,ocd-division/country:us/state:md/county:baltimore,19,,,,,2012,17,1,0,0
2015-10-09 20:40:36.367000,md-2012-04-03-primary,2012-04-03 00:00:00,2012-04-03 00:00:00,primary,certified,False,President - Vice Pres,,Mitt Romney,,,,,REP,,Baltimore,ocd-division/country:us/state:md/county:baltimore,3073,,,,,2012,2682,97,6,20
2015-10-09 20:40:36.367000,md-2012-04-03-primary,2012-04-03 00:00:00,2012-04-03 00:00:00,primary,certified,False,President - Vice Pres,,Rick Santorum,,,,,REP,,Baltimore,ocd-division/country:us/state:md/county:baltimore,1380,,,,,2012,1224,30,0,5
2015-10-09 20:40:36.367000,md-2012-04-03-primary,2012-04-03 00:00:00,2012-04-03 00:00:00,primary,certified,False,President - Vice Pres,,Newt Gingrich,,,,,REP,,Baltimore,ocd-division/country:us/state:md/county:baltimore,913,,,,,2012,787,26,2,4
2015-10-09 20:40:36.367000,md-2012-04-03-primary,2012-04-03 00:00:00,2012-04-03 00:00:00,primary,certified,False,President - Vice Pres,,Jon Huntsman,,,,,REP,,Baltimore,ocd-division/country:us/state:md/county:baltimore,42,,,,,2012,37,3,0,0
2015-10-09 20:40:36.367000,md-2012-04-03-primary,2012-04-03 00:00:00,2012-04-03 00:00:00,primary,certified,False,President - Vice Pres,,Fred Karger,,,,,REP,,Baltimore,ocd-division/country:us/state:md/county:baltimore,14,,,,,2012,11,1,0,0
2015-10-09 20:40:36.367000,md-2012-04-03-primary,2012-04-03 00:00:00,2012-04-03 00:00:00,primary,certified,False,President - Vice Pres,,Ron Paul,,,,,REP,,Baltimore,ocd-division/country:us/state:md/county:baltimore,1027,,,,,2012,914,13,6,11
2015-10-09 20:40:36.367000,md-2012-04-03-primary,2012-04-03 00:00:00,2012-04-03 00:00:00,primary,certified,False,President - Vice Pres,,Rick Perry,,,,,REP,,Baltimore,ocd-division/country:us/state:md/county:baltimore,26,,,,,2012,23,1,0,0
2015-10-09 20:40:36.367000,md-2012-04-03-primary,2012-04-03 00:00:00,2012-04-03 00:00:00,primary,certified,False,President - Vice Pres,,Buddy Roemer,,,,,REP,,Baltimore,ocd-division/country:us/state:md/county:baltimore,25,,,,,2012,22,1,0,1
2015-10-09 20:40:36.367000,md-2012-04-03-primary,2012-04-03 00:00:00,2012-04-03 00:00:00,primary,certified,False,President - Vice Pres,,Mitt Romney,,,,,REP,,Baltimore,ocd-division/country:us/state:md/county:baltimore,4399,,,,,2012,3814,130,11,17
2015-10-09 20:40:36.367000,md-2012-04-03-primary,2012-04-03 00:00:00,2012-04-03 00:00:00,primary,certified,False,President - Vice Pres,,Rick Santorum,,,,,REP,,Baltimore,ocd-division/country:us/state:md/county:baltimore,2024,,,,,2012,1721,50,3,13
2015-10-09 20:40:40.235000,md-2012-04-03-primary,2012-04-03 00:00:00,2012-04-03 00:00:00,primary,certified,False,President - Vice Pres,,Barack Obama,,,,,DEM,,Calvert,ocd-division/country:us/state:md/county:calvert,2946,,,,,2012,2410,2,96,25
2015-10-09 20:40:40.235000,md-2012-04-03-primary,2012-04-03 00:00:00,2012-04-03 00:00:00,primary,certified,False,President - Vice Pres,,Uncommitted To Any Presidential Candidate,,,,,DEM,,Calvert,ocd-division/country:us/state:md/county:calvert,626,,,,,2012,529,0,17,3
2015-10-09 20:40:41.524000,md-2012-04-03-primary,2012-04-03 00:00:00,2012-04-03 00:00:00,primary,certified,False,President - Vice Pres,,Newt Gingrich,,,,,REP,,Calvert,ocd-division/country:us/state:md/county:calvert,665,,,,,2012,578,21,0,5
2015-10-09 20:40:41.524000,md-2012-04-03-primary,2012-04-03 00:00:00,2012-04-03 00:00:00,primary,certified,False,President - Vice Pres,,Jon Huntsman,,,,,REP,,Calvert,ocd-division/country:us/state:md/county:calvert,28,,,,,2012,21,1,1,0
2015-10-09 20:40:41.524000,md-2012-04-03-primary,2012-04-03 00:00:00,2012-04-03 00:00:00,primary,certified,False,President - Vice Pres,,Fred Karger,,,,,REP,,Calvert,ocd-division/country:us/state:md/county:calvert,7,,,,,2012,6,1,0,0
2015-10-09 20:40:41.524000,md-2012-04-03-primary,2012-04-03 00:00:00,2012-04-03 00:00:00,primary,certified,False,President - Vice Pres,,Ron Paul,,,,,REP,,Calvert,ocd-division/country:us/state:md/county:calvert,391,,,,,2012,319,14,3,6
2015-10-09 20:40:41.524000,md-2012-04-03-primary,2012-04-03 00:00:00,2012-04-03 00:00:00,primary,certified,False,President - Vice Pres,,Rick Perry,,,,,REP,,Calvert,ocd-division/country:us/state:md/county:calvert,26,,,,,2012,22,0,0,0
2015-10-09 20:40:41.524000,md-2012-04-03-primary,2012-04-03 00:00:00,2012-04-03 00:00:00,primary,certified,False,President - Vice Pres,,Buddy Roemer,,,,,REP,,Calvert,ocd-division/country:us/state:md/county:calvert,12,,,,,2012,11,1,0,0
2015-10-09 20:40:41.524000,md-2012-04-03-primary,2012-04-03 00:00:00,2012-04-03 00:00:00,primary,certified,False,President - Vice Pres,,Mitt Romney,,,,,REP,,Calvert,ocd-division/country:us/state:md/county:calvert,2834,,,,,2012,2375,110,8,16
2015-10-09 20:40:41.524000,md-2012-04-03-primary,2012-04-03 00:00:00,2012-04-03 00:00:00,primary,certified,False,President - Vice Pres,,Rick Santorum,,,,,REP,,Calvert,ocd-division/country:us/state:md/county:calvert,1733,,,,,2012,1508,43,10,12
2015-10-09 20:40:44.286000,md-2012-04-03-primary,2012-04-03 00:00:00,2012-04-03 00:00:00,primary,certified,False,President - Vice Pres,,Barack Obama,,,,,DEM,,Caroline,ocd-division/country:us/state:md/county:caroline,802,,,,,2012,624,17,14,4
2015-10-09 20:40:44.286000,md-2012-04-03-primary,2012-04-03 00:00:00,2012-04-03 00:00:00,primary,certified,False,President - Vice Pres,,Uncommitted To Any Presidential Candidate,,,,,DEM,,Caroline,ocd-division/country:us/state:md/county:caroline,295,,,,,2012,227,8,5,1
2015-10-09 20:40:45.259000,md-2012-04-03-primary,2012-04-03 00:00:00,2012-04-03 00:00:00,primary,certified,False,President - Vice Pres,,Newt Gingrich,,,,,REP,,Caroline,ocd-division/country:us/state:md/county:caroline,289,,,,,2012,259,7,1,1
2015-10-09 20:40:45.259000,md-2012-04-03-primary,2012-04-03 00:00:00,2012-04-03 00:00:00,primary,certified,False,President - Vice Pres,,Jon Huntsman,,,,,REP,,Caroline,ocd-division/country:us/state:md/county:caroline,7,,,,,2012,7,0,0,0
2015-10-09 20:40:45.259000,md-2012-04-03-primary,2012-04-03 00:00:00,2012-04-03 00:00:00,primary,certified,False,President - Vice Pres,,Fred Karger,,,,,REP,,Caroline,ocd-division/country:us/state:md/county:caroline,1,,,,,2012,1,0,0,0
2015-10-09 20:40:45.259000,md-2012-04-03-primary,2012-04-03 00:00:00,2012-04-03 00:00:00,primary,certified,False,President - Vice Pres,,Ron Paul,,,,,REP,,Caroline,ocd-division/country:us/state:md/county:caroline,197,,,,,2012,171,2,1,1
2015-10-09 20:40:45.259000,md-2012-04-03-primary,2012-04-03 00:00:00,2012-04-03 00:00:00,primary,certified,False,President - Vice Pres,,Rick Perry,,,,,REP,,Caroline,ocd-division/country:us/state:md/county:caroline,18,,,,,2012,16,2,0,0
2015-10-09 20:40:45.259000,md-2012-04-03-primary,2012-04-03 00:00:00,2012-04-03 00:00:00,primary,certified,False,President - Vice Pres,,Buddy Roemer,,,,,REP,,Caroline,ocd-division/country:us/state:md/county:caroline,16,,,,,2012,14,0,0,0
2015-10-09 20:40:45.259000,md-2012-04-03-primary,2012-04-03 00:00:00,2012-04-03 00:00:00,primary,certified,False,President - Vice Pres,,Mitt Romney,,,,,REP,,Caroline,ocd-division/country:us/state:md/county:caroline,817,,,,,2012,664,8,11,3
2015-10-09 20:40:45.259000,md-2012-04-03-primary,2012-04-03 00:00:00,2012-04-03 00:00:00,primary,certified,False,President - Vice Pres,,Rick Santorum,,,,,REP,,Caroline,ocd-division/country:us/state:md/county:caroline,767,,,,,2012,650,7,2,5
2015-10-09 20:40:49.065000,md-2012-04-03-primary,2012-04-03 00:00:00,2012-04-03 00:00:00,primary,certified,False,President - Vice Pres,,Barack Obama,,,,,DEM,,Carroll,ocd-division/country:us/state:md/county:carroll,940,,,,,2012,762,31,9,1
2015-10-09 20:40:49.065000,md-2012-04-03-primary,2012-04-03 00:00:00,2012-04-03 00:00:00,primary,certified,False,President - Vice Pres,,Uncommitted To Any Presidential Candidate,,,,,DEM,,Carroll,ocd-division/country:us/state:md/county:carroll,395,,,,,2012,347,9,1,1
2015-10-09 20:40:49.065000,md-2012-04-03-primary,2012-04-03 00:00:00,2012-04-03 00:00:00,primary,certified,False,President - Vice Pres,,Barack Obama,,,,,DEM,,Carroll,ocd-division/country:us/state:md/county:carroll,1923,,,,,2012,1565,19,77,5
2015-10-09 20:40:49.065000,md-2012-04-03-primary,2012-04-03 00:00:00,2012-04-03 00:00:00,primary,certified,False,President - Vice Pres,,Uncommitted To Any Presidential Candidate,,,,,DEM,,Carroll,ocd-division/country:us/state:md/county:carroll,584,,,,,2012,475,5,30,0
2015-10-09 20:40:51.088000,md-2012-04-03-primary,2012-04-03 00:00:00,2012-04-03 00:00:00,primary,certified,False,President - Vice Pres,,Newt Gingrich,,,,,REP,,Carroll,ocd-division/country:us/state:md/county:carroll,572,,,,,2012,512,16,0,1
2015-10-09 20:40:51.088000,md-2012-04-03-primary,2012-04-03 00:00:00,2012-04-03 00:00:00,primary,certified,False,President - Vice Pres,,Jon Huntsman,,,,,REP,,Carroll,ocd-division/country:us/state:md/county:carroll,17,,,,,2012,16,0,0,0
2015-10-09 20:40:51.088000,md-2012-04-03-primary,2012-04-03 00:00:00,2012-04-03 00:00:00,primary,certified,False,President - Vice Pres,,Fred Karger,,,,,REP,,Carroll,ocd-division/country:us/state:md/county:carroll,4,,,,,2012,4,0,0,0
2015-10-09 20:40:51.088000,md-2012-04-03-primary,2012-04-03 00:00:00,2012-04-03 00:00:00,primary,certified,False,President - Vice Pres,,Ron Paul,,,,,REP,,Carroll,ocd-division/country:us/state:md/county:carroll,714,,,,,2012,654,8,5,0
2015-10-09 20:40:51.088000,md-2012-04-03-primary,2012-04-03 00:00:00,2012-04-03 00:00:00,primary,certified,False,President - Vice Pres,,Rick Perry,,,,,REP,,Carroll,ocd-division/country:us/state:md/county:carroll,10,,,,,2012,10,0,0,0
2015-10-09 20:40:51.088000,md-2012-04-03-primary,2012-04-03 00:00:00,2012-04-03 00:00:00,primary,certified,False,President - Vice Pres,,Buddy Roemer,,,,,REP,,Carroll,ocd-division/country:us/state:md/county:carroll,12,,,,,2012,11,0,0,0
2015-10-09 20:40:51.088000,md-2012-04-03-primary,2012-04-03 00:00:00,2012-04-03 00:00:00,primary,certified,False,President - Vice Pres,,Mitt Romney,,,,,REP,,Carroll,ocd-division/country:us/state:md/county:carroll,2201,,,,,2012,1913,38,7,3
2015-10-09 20:40:51.088000,md-2012-04-03-primary,2012-04-03 00:00:00,2012-04-03 00:00:00,primary,certified,False,President - Vice Pres,,Rick Santorum,,,,,REP,,Carroll,ocd-division/country:us/state:md/county:carroll,2017,,,,,2012,1787,38,4,4
2015-10-09 20:40:51.088000,md-2012-04-03-primary,2012-04-03 00:00:00,2012-04-03 00:00:00,primary,certified,False,President - Vice Pres,,Newt Gingrich,,,,,REP,,Carroll,ocd-division/country:us/state:md/county:carroll,941,,,,,2012,819,40,2,2
2015-10-09 20:40:51.088000,md-2012-04-03-primary,2012-04-03 00:00:00,2012-04-03 00:00:00,primary,certified,False,President - Vice Pres,,Jon Huntsman,,,,,REP,,Carroll,ocd-division/country:us/state:md/county:carroll,38,,,,,2012,32,2,0,0
2015-10-09 20:40:51.088000,md-2012-04-03-primary,2012-04-03 00:00:00,2012-04-03 00:00:00,primary,certified,False,President - Vice Pres,,Fred Karger,,,,,REP,,Carroll,ocd-division/country:us/state:md/county:carroll,15,,,,,2012,12,1,0,0
2015-10-09 20:40:51.088000,md-2012-04-03-primary,2012-04-03 00:00:00,2012-04-03 00:00:00,primary,certified,False,President - Vice Pres,,Ron Paul,,,,,REP,,Carroll,ocd-division/country:us/state:md/county:carroll,1057,,,,,2012,936,20,1,2
2015-10-09 20:40:51.088000,md-2012-04-03-primary,2012-04-03 00:00:00,2012-04-03 00:00:00,primary,certified,False,President - Vice Pres,,Rick Perry,,,,,REP,,Carroll,ocd-division/country:us/state:md/county:carroll,30,,,,,2012,24,0,0,1
2015-10-09 20:40:51.088000,md-2012-04-03-primary,2012-04-03 00:00:00,2012-04-03 00:00:00,primary,certified,False,President - Vice Pres,,Buddy Roemer,,,,,REP,,Carroll,ocd-division/country:us/state:md/county:carroll,16,,,,,2012,11,1,0,0
2015-10-09 20:40:51.088000,md-2012-04-03-primary,2012-04-03 00:00:00,2012-04-03 00:00:00,primary,certified,False,President - Vice Pres,,Mitt Romney,,,,,REP,,Carroll,ocd-division/country:us/state:md/county:carroll,3801,,,,,2012,3311,109,11,6
2015-10-09 20:40:51.088000,md-2012-04-03-primary,2012-04-03 00:00:00,2012-04-03 00:00:00,primary,certified,False,President - Vice Pres,,Rick Santorum,,,,,REP,,Carroll,ocd-division/country:us/state:md/county:carroll,2888,,,,,2012,2527,74,9,11
2015-10-09 20:40:54.054000,md-2012-04-03-primary,2012-04-03 00:00:00,2012-04-03 00:00:00,primary,certified,False,President - Vice Pres,,Barack Obama,,,,,DEM,,Cecil,ocd-division/country:us/state:md/county:cecil,2501,,,,,2012,2075,69,5,8
2015-10-09 20:40:54.054000,md-2012-04-03-primary,2012-04-03 00:00:00,2012-04-03 00:00:00,primary,certified,False,President - Vice Pres,,Uncommitted To Any Presidential Candidate,,,,,DEM,,Cecil,ocd-division/country:us/state:md/county:cecil,1339,,,,,2012,1136,40,6,9
2015-10-09 20:40:55.262000,md-2012-04-03-primary,2012-04-03 00:00:00,2012-04-03 00:00:00,primary,certified,False,President - Vice Pres,,Newt Gingrich,,,,,REP,,Cecil,ocd-division/country:us/state:md/county:cecil,734,,,,,2012,638,14,1,12
2015-10-09 20:40:55.262000,md-2012-04-03-primary,2012-04-03 00:00:00,2012-04-03 00:00:00,primary,certified,False,President - Vice Pres,,Jon Huntsman,,,,,REP,,Cecil,ocd-division/country:us/state:md/county:cecil,40,,,,,2012,32,0,0,0
2015-10-09 20:40:55.262000,md-2012-04-03-primary,2012-04-03 00:00:00,2012-04-03 00:00:00,primary,certified,False,President - Vice Pres,,Fred Karger,,,,,REP,,Cecil,ocd-division/country:us/state:md/county:cecil,9,,,,,2012,7,0,0,0
2015-10-09 20:40:55.262000,md-2012-04-03-primary,2012-04-03 00:00:00,2012-04-03 00:00:00,primary,certified,False,President - Vice Pres,,Ron Paul,,,,,REP,,Cecil,ocd-division/country:us/state:md/county:cecil,717,,,,,2012,619,11,2,3
2015-10-09 20:40:55.262000,md-2012-04-03-primary,2012-04-03 00:00:00,2012-04-03 00:00:00,primary,certified,False,President - Vice Pres,,Rick Perry,,,,,REP,,Cecil,ocd-division/country:us/state:md/county:cecil,43,,,,,2012,39,1,0,0
2015-10-09 20:40:55.262000,md-2012-04-03-primary,2012-04-03 00:00:00,2012-04-03 00:00:00,primary,certified,False,President - Vice Pres,,Buddy Roemer,,,,,REP,,Cecil,ocd-division/country:us/state:md/county:cecil,18,,,,,2012,15,1,0,0
2015-10-09 20:40:55.262000,md-2012-04-03-primary,2012-04-03 00:00:00,2012-04-03 00:00:00,primary,certified,False,President - Vice Pres,,Mitt Romney,,,,,REP,,Cecil,ocd-division/country:us/state:md/county:cecil,3132,,,,,2012,2612,64,15,9
2015-10-09 20:40:55.262000,md-2012-04-03-primary,2012-04-03 00:00:00,2012-04-03 00:00:00,primary,certified,False,President - Vice Pres,,Rick Santorum,,,,,REP,,Cecil,ocd-division/country:us/state:md/county:cecil,2333,,,,,2012,2024,41,5,19
2015-10-09 20:41:00.090000,md-2012-04-03-primary,2012-04-03 00:00:00,2012-04-03 00:00:00,primary,certified,False,President - Vice Pres,,Barack Obama,,,,,DEM,,Charles,ocd-division/country:us/state:md/county:charles,7498,,,,,2012,6425,44,98,90
2015-10-09 20:41:00.090000,md-2012-04-03-primary,2012-04-03 00:00:00,2012-04-03 00:00:00,primary,certified,False,President - Vice Pres,,Uncommitted To Any Presidential Candidate,,,,,DEM,,Charles,ocd-division/country:us/state:md/county:charles,734,,,,,2012,619,7,15,2
2015-10-09 20:41:01.816000,md-2012-04-03-primary,2012-04-03 00:00:00,2012-04-03 00:00:00,primary,certified,False,President - Vice Pres,,Newt Gingrich,,,,,REP,,Charles,ocd-division/country:us/state:md/county:charles,590,,,,,2012,513,12,2,5
2015-10-09 20:41:01.816000,md-2012-04-03-primary,2012-04-03 00:00:00,2012-04-03 00:00:00,primary,certified,False,President - Vice Pres,,Jon Huntsman,,,,,REP,,Charles,ocd-division/country:us/state:md/county:charles,13,,,,,2012,12,0,0,0
2015-10-09 20:41:01.816000,md-2012-04-03-primary,2012-04-03 00:00:00,2012-04-03 00:00:00,primary,certified,False,President - Vice Pres,,Fred Karger,,,,,REP,,Charles,ocd-division/country:us/state:md/county:charles,8,,,,,2012,6,1,0,0
2015-10-09 20:41:01.816000,md-2012-04-03-primary,2012-04-03 00:00:00,2012-04-03 00:00:00,primary,certified,False,President - Vice Pres,,Ron Paul,,,,,REP,,Charles,ocd-division/country:us/state:md/county:charles,397,,,,,2012,327,14,3,6
2015-10-09 20:41:01.816000,md-2012-04-03-primary,2012-04-03 00:00:00,2012-04-03 00:00:00,primary,certified,False,President - Vice Pres,,Rick Perry,,,,,REP,,Charles,ocd-division/country:us/state:md/county:charles,17,,,,,2012,14,1,0,0
2015-10-09 20:41:01.816000,md-2012-04-03-primary,2012-04-03 00:00:00,2012-04-03 00:00:00,primary,certified,False,President - Vice Pres,,Buddy Roemer,,,,,REP,,Charles,ocd-division/country:us/state:md/county:charles,14,,,,,2012,10,1,0,0
2015-10-09 20:41:01.816000,md-2012-04-03-primary,2012-04-03 00:00:00,2012-04-03 00:00:00,primary,certified,False,President - Vice Pres,,Mitt Romney,,,,,REP,,Charles,ocd-division/country:us/state:md/county:charles,2635,,,,,2012,2142,79,9,15
2015-10-09 20:41:01.816000,md-2012-04-03-primary,2012-04-03 00:00:00,2012-04-03 00:00:00,primary,certified,False,President - Vice Pres,,Rick Santorum,,,,,REP,,Charles,ocd-division/country:us/state:md/county:charles,1715,,,,,2012,1467,41,2,10
2015-10-09 20:41:06.080000,md-2012-04-03-primary,2012-04-03 00:00:00,2012-04-03 00:00:00,primary,certified,False,President - Vice Pres,,Barack Obama,,,,,DEM,,Dorchester,ocd-division/country:us/state:md/county:dorchester,1184,,,,,2012,919,61,14,17
2015-10-09 20:41:06.080000,md-2012-04-03-primary,2012-04-03 00:00:00,2012-04-03 00:00:00,primary,certified,False,President - Vice Pres,,Uncommitted To Any Presidential Candidate,,,,,DEM,,Dorchester,ocd-division/country:us/state:md/county:dorchester,364,,,,,2012,287,25,4,3
2015-10-09 20:41:07.529000,md-2012-04-03-primary,2012-04-03 00:00:00,2012-04-03 00:00:00,primary,certified,False,President - Vice Pres,,Newt Gingrich,,,,,REP,,Dorchester,ocd-division/country:us/state:md/county:dorchester,315,,,,,2012,277,7,2,6
2015-10-09 20:41:07.529000,md-2012-04-03-primary,2012-04-03 00:00:00,2012-04-03 00:00:00,primary,certified,False,President - Vice Pres,,Jon Huntsman,,,,,REP,,Dorchester,ocd-division/country:us/state:md/county:dorchester,10,,,,,2012,6,0,0,0
2015-10-09 20:41:07.529000,md-2012-04-03-primary,2012-04-03 00:00:00,2012-04-03 00:00:00,primary,certified,False,President - Vice Pres,,Fred Karger,,,,,REP,,Dorchester,ocd-division/country:us/state:md/county:dorchester,3,,,,,2012,1,0,0,0
2015-10-09 20:41:07.529000,md-2012-04-03-primary,2012-04-03 00:00:00,2012-04-03 00:00:00,primary,certified,False,President - Vice Pres,,Ron Paul,,,,,REP,,Dorchester,ocd-division/country:us/state:md/county:dorchester,147,,,,,2012,125,5,1,3
2015-10-09 20:41:07.529000,md-2012-04-03-primary,2012-04-03 00:00:00,2012-04-03 00:00:00,primary,certified,False,President - Vice Pres,,Rick Perry,,,,,REP,,Dorchester,ocd-division/country:us/state:md/county:dorchester,10,,,,,2012,8,0,1,0
2015-10-09 20:41:07.529000,md-2012-04-03-primary,2012-04-03 00:00:00,2012-04-03 00:00:00,primary,certified,False,President - Vice Pres,,Buddy Roemer,,,,,REP,,Dorchester,ocd-division/country:us/state:md/county:dorchester,15,,,,,2012,12,0,0,1
2015-10-09 20:41:07.529000,md-2012-04-03-primary,2012-04-03 00:00:00,2012-04-03 00:00:00,primary,certified,False,President - Vice Pres,,Mitt Romney,,,,,REP,,Dorchester,ocd-division/country:us/state:md/county:dorchester,1037,,,,,2012,871,19,4,7
2015-10-09 20:41:07.529000,md-2012-04-03-primary,2012-04-03 00:00:00,2012-04-03 00:00:00,primary,certified,False,President - Vice Pres,,Rick Santorum,,,,,REP,,Dorchester,ocd-division/country:us/state:md/county:dorchester,660,,,,,2012,569,9,8,8
2015-10-09 20:41:14.427000,md-2012-04-03-primary,2012-04-03 00:00:00,2012-04-03 00:00:00,primary,certified,False,President - Vice Pres,,Barack Obama,,,,,DEM,,Frederick,ocd-division/country:us/state:md/county:frederick,5726,,,,,2012,4736,165,43,19
2015-10-09 20:41:14.427000,md-2012-04-03-primary,2012-04-03 00:00:00,2012-04-03 00:00:00,primary,certified,False,President - Vice Pres,,Uncommitted To Any Presidential Candidate,,,,,DEM,,Frederick,ocd-division/country:us/state:md/county:frederick,853,,,,,2012,720,31,4,4
2015-10-09 20:41:14.427000,md-2012-04-03-primary,2012-04-03 00:00:00,2012-04-03 00:00:00,primary,certified,False,President - Vice Pres,,Barack Obama,,,,,DEM,,Frederick,ocd-division/country:us/state:md/county:frederick,4148,,,,,2012,3590,0,115,8
2015-10-09 20:41:14.427000,md-2012-04-03-primary,2012-04-03 00:00:00,2012-04-03 00:00:00,primary,certified,False,President - Vice Pres,,Uncommitted To Any Presidential Candidate,,,,,DEM,,Frederick,ocd-division/country:us/state:md/county:frederick,1055,,,,,2012,964,0,25,3
2015-10-09 20:41:17.055000,md-2012-04-03-primary,2012-04-03 00:00:00,2012-04-03 00:00:00,primary,certified,False,President - Vice Pres,,Newt Gingrich,,,,,REP,,Frederick,ocd-division/country:us/state:md/county:frederick,896,,,,,2012,792,35,7,3
2015-10-09 20:41:17.055000,md-2012-04-03-primary,2012-04-03 00:00:00,2012-04-03 00:00:00,primary,certified,False,President - Vice Pres,,Jon Huntsman,,,,,REP,,Frederick,ocd-division/country:us/state:md/county:frederick,47,,,,,2012,35,2,1,1
2015-10-09 20:41:17.055000,md-2012-04-03-primary,2012-04-03 00:00:00,2012-04-03 00:00:00,primary,certified,False,President - Vice Pres,,Fred Karger,,,,,REP,,Frederick,ocd-division/country:us/state:md/county:frederick,18,,,,,2012,15,0,1,0
2015-10-09 20:41:17.055000,md-2012-04-03-primary,2012-04-03 00:00:00,2012-04-03 00:00:00,primary,certified,False,President - Vice Pres,,Ron Paul,,,,,REP,,Frederick,ocd-division/country:us/state:md/county:frederick,730,,,,,2012,648,13,11,4
2015-10-09 20:41:17.055000,md-2012-04-03-primary,2012-04-03 00:00:00,2012-04-03 00:00:00,primary,certified,False,President - Vice Pres,,Rick Perry,,,,,REP,,Frederick,ocd-division/country:us/state:md/county:frederick,32,,,,,2012,29,0,0,0
2015-10-09 20:41:17.055000,md-2012-04-03-primary,2012-04-03 00:00:00,2012-04-03 00:00:00,primary,certified,False,President - Vice Pres,,Buddy Roemer,,,,,REP,,Frederick,ocd-division/country:us/state:md/county:frederick,19,,,,,2012,16,2,0,0
2015-10-09 20:41:17.055000,md-2012-04-03-primary,2012-04-03 00:00:00,2012-04-03 00:00:00,primary,certified,False,President - Vice Pres,,Mitt Romney,,,,,REP,,Frederick,ocd-division/country:us/state:md/county:frederick,3293,,,,,2012,2815,123,33,8
2015-10-09 20:41:17.055000,md-2012-04-03-primary,2012-04-03 00:00:00,2012-04-03 00:00:00,primary,certified,False,President - Vice Pres,,Rick Santorum,,,,,REP,,Frederick,ocd-division/country:us/state:md/county:frederick,2269,,,,,2012,2027,37,12,8
2015-10-09 20:41:17.055000,md-2012-04-03-primary,2012-04-03 00:00:00,2012-04-03 00:00:00,primary,certified,False,President - Vice Pres,,Newt Gingrich,,,,,REP,,Frederick,ocd-division/country:us/state:md/county:frederick,1502,,,,,2012,1406,18,9,2
2015-10-09 20:41:17.055000,md-2012-04-03-primary,2012-04-03 00:00:00,2012-04-03 00:00:00,primary,certified,False,President - Vice Pres,,Jon Huntsman,,,,,REP,,Frederick,ocd-division/country:us/state:md/county:frederick,67,,,,,2012,61,0,1,1
2015-10-09 20:41:17.055000,md-2012-04-03-primary,2012-04-03 00:00:00,2012-04-03 00:00:00,primary,certified,False,President - Vice Pres,,Fred Karger,,,,,REP,,Frederick,ocd-division/country:us/state:md/county:frederick,13,,,,,2012,11,1,0,0
2015-10-09 20:41:17.055000,md-2012-04-03-primary,2012-04-03 00:00:00,2012-04-03 00:00:00,primary,certified,False,President - Vice Pres,,Ron Paul,,,,,REP,,Frederick,ocd-division/country:us/state:md/county:frederick,1017,,,,,2012,920,17,5,14
2015-10-09 20:41:17.055000,md-2012-04-03-primary,2012-04-03 00:00:00,2012-04-03 00:00:00,primary,certified,False,President - Vice Pres,,Rick Perry,,,,,REP,,Frederick,ocd-division/country:us/state:md/county:frederick,57,,,,,2012,51,1,1,1
2015-10-09 20:41:17.055000,md-2012-04-03-primary,2012-04-03 00:00:00,2012-04-03 00:00:00,primary,certified,False,President - Vice Pres,,Buddy Roemer,,,,,REP,,Frederick,ocd-division/country:us/state:md/county:frederick,47,,,,,2012,43,0,0,0
2015-10-09 20:41:17.055000,md-2012-04-03-primary,2012-04-03 00:00:00,2012-04-03 00:00:00,primary,certified,False,President - Vice Pres,,Mitt Romney,,,,,REP,,Frederick,ocd-division/country:us/state:md/county:frederick,5121,,,,,2012,4643,100,29,10
2015-10-09 20:41:17.055000,md-2012-04-03-primary,2012-04-03 00:00:00,2012-04-03 00:00:00,primary,certified,False,President - Vice Pres,,Rick Santorum,,,,,REP,,Frederick,ocd-division/country:us/state:md/county:frederick,3799,,,,,2012,3544,34,16,18
2015-10-09 20:41:20.450000,md-2012-04-03-primary,2012-04-03 00:00:00,2012-04-03 00:00:00,primary,certified,False,President - Vice Pres,,Barack Obama,,,,,DEM,,Garrett,ocd-division/country:us/state:md/county:garrett,673,,,,,2012,544,31,3,3
2015-10-09 20:41:20.450000,md-2012-04-03-primary,2012-04-03 00:00:00,2012-04-03 00:00:00,primary,certified,False,President - Vice Pres,,Uncommitted To Any Presidential Candidate,,,,,DEM,,Garrett,ocd-division/country:us/state:md/county:garrett,285,,,,,2012,256,13,0,1
2015-10-09 20:41:21.902000,md-2012-04-03-primary,2012-04-03 00:00:00,2012-04-03 00:00:00,primary,certified,False,President - Vice Pres,,Newt Gingrich,,,,,REP,,Garrett,ocd-division/country:us/state:md/county:garrett,299,,,,,2012,254,15,2,2
2015-10-09 20:41:21.902000,md-2012-04-03-primary,2012-04-03 00:00:00,2012-04-03 00:00:00,primary,certified,False,President - Vice Pres,,Jon Huntsman,,,,,REP,,Garrett,ocd-division/country:us/state:md/county:garrett,21,,,,,2012,17,1,1,0
2015-10-09 20:41:21.902000,md-2012-04-03-primary,2012-04-03 00:00:00,2012-04-03 00:00:00,primary,certified,False,President - Vice Pres,,Fred Karger,,,,,REP,,Garrett,ocd-division/country:us/state:md/county:garrett,2,,,,,2012,2,0,0,0
2015-10-09 20:41:21.902000,md-2012-04-03-primary,2012-04-03 00:00:00,2012-04-03 00:00:00,primary,certified,False,President - Vice Pres,,Ron Paul,,,,,REP,,Garrett,ocd-division/country:us/state:md/county:garrett,244,,,,,2012,201,13,0,0
2015-10-09 20:41:21.902000,md-2012-04-03-primary,2012-04-03 00:00:00,2012-04-03 00:00:00,primary,certified,False,President - Vice Pres,,Rick Perry,,,,,REP,,Garrett,ocd-division/country:us/state:md/county:garrett,23,,,,,2012,21,1,0,1
2015-10-09 20:41:21.902000,md-2012-04-03-primary,2012-04-03 00:00:00,2012-04-03 00:00:00,primary,certified,False,President - Vice Pres,,Buddy Roemer,,,,,REP,,Garrett,ocd-division/country:us/state:md/county:garrett,24,,,,,2012,19,2,0,2
2015-10-09 20:41:21.902000,md-2012-04-03-primary,2012-04-03 00:00:00,2012-04-03 00:00:00,primary,certified,False,President - Vice Pres,,Mitt Romney,,,,,REP,,Garrett,ocd-division/country:us/state:md/county:garrett,1202,,,,,2012,994,75,2,6
2015-10-09 20:41:21.902000,md-2012-04-03-primary,2012-04-03 00:00:00,2012-04-03 00:00:00,primary,certified,False,President - Vice Pres,,Rick Santorum,,,,,REP,,Garrett,ocd-division/country:us/state:md/county:garrett,1815,,,,,2012,1619,57,0,13
2015-10-09 20:41:28.607000,md-2012-04-03-primary,2012-04-03 00:00:00,2012-04-03 00:00:00,primary,certified,False,President - Vice Pres,,Barack Obama,,,,,DEM,,Harford,ocd-division/country:us/state:md/county:harford,3850,,,,,2012,3026,113,28,8
2015-10-09 20:41:28.607000,md-2012-04-03-primary,2012-04-03 00:00:00,2012-04-03 00:00:00,primary,certified,False,President - Vice Pres,,Uncommitted To Any Presidential Candidate,,,,,DEM,,Harford,ocd-division/country:us/state:md/county:harford,1807,,,,,2012,1494,70,13,3
2015-10-09 20:41:28.607000,md-2012-04-03-primary,2012-04-03 00:00:00,2012-04-03 00:00:00,primary,certified,False,President - Vice Pres,,Barack Obama,,,,,DEM,,Harford,ocd-division/country:us/state:md/county:harford,3202,,,,,2012,2812,39,37,39
2015-10-09 20:41:28.607000,md-2012-04-03-primary,2012-04-03 00:00:00,2012-04-03 00:00:00,primary,certified,False,President - Vice Pres,,Uncommitted To Any Presidential Candidate,,,,,DEM,,Harford,ocd-division/country:us/state:md/county:harford,562,,,,,2012,508,11,6,1
2015-10-09 20:41:31.091000,md-2012-04-03-primary,2012-04-03 00:00:00,2012-04-03 00:00:00,primary,certified,False,President - Vice Pres,,Newt Gingrich,,,,,REP,,Harford,ocd-division/country:us/state:md/county:harford,1489,,,,,2012,1269,36,9,3
2015-10-09 20:41:31.091000,md-2012-04-03-primary,2012-04-03 00:00:00,2012-04-03 00:00:00,primary,certified,False,President - Vice Pres,,Jon Huntsman,,,,,REP,,Harford,ocd-division/country:us/state:md/county:harford,59,,,,,2012,49,2,1,0
2015-10-09 20:41:31.091000,md-2012-04-03-primary,2012-04-03 00:00:00,2012-04-03 00:00:00,primary,certified,False,President - Vice Pres,,Fred Karger,,,,,REP,,Harford,ocd-division/country:us/state:md/county:harford,10,,,,,2012,8,0,0,0
2015-10-09 20:41:31.091000,md-2012-04-03-primary,2012-04-03 00:00:00,2012-04-03 00:00:00,primary,certified,False,President - Vice Pres,,Ron Paul,,,,,REP,,Harford,ocd-division/country:us/state:md/county:harford,1870,,,,,2012,1661,16,15,18
2015-10-09 20:41:31.091000,md-2012-04-03-primary,2012-04-03 00:00:00,2012-04-03 00:00:00,primary,certified,False,President - Vice Pres,,Rick Perry,,,,,REP,,Harford,ocd-division/country:us/state:md/county:harford,63,,,,,2012,58,2,0,0
2015-10-09 20:41:31.091000,md-2012-04-03-primary,2012-04-03 00:00:00,2012-04-03 00:00:00,primary,certified,False,President - Vice Pres,,Buddy Roemer,,,,,REP,,Harford,ocd-division/country:us/state:md/county:harford,44,,,,,2012,38,1,0,1
2015-10-09 20:41:31.091000,md-2012-04-03-primary,2012-04-03 00:00:00,2012-04-03 00:00:00,primary,certified,False,President - Vice Pres,,Mitt Romney,,,,,REP,,Harford,ocd-division/country:us/state:md/county:harford,6793,,,,,2012,5704,110,54,23
2015-10-09 20:41:31.091000,md-2012-04-03-primary,2012-04-03 00:00:00,2012-04-03 00:00:00,primary,certified,False,President - Vice Pres,,Rick Santorum,,,,,REP,,Harford,ocd-division/country:us/state:md/county:harford,4242,,,,,2012,3668,50,33,28
2015-10-09 20:41:31.091000,md-2012-04-03-primary,2012-04-03 00:00:00,2012-04-03 00:00:00,primary,certified,False,President - Vice Pres,,Newt Gingrich,,,,,REP,,Harford,ocd-division/country:us/state:md/county:harford,451,,,,,2012,411,9,4,6
2015-10-09 20:41:31.091000,md-2012-04-03-primary,2012-04-03 00:00:00,2012-04-03 00:00:00,primary,certified,False,President - Vice Pres,,Jon Huntsman,,,,,REP,,Harford,ocd-division/country:us/state:md/county:harford,20,,,,,2012,18,0,1,0
2015-10-09 20:41:31.091000,md-2012-04-03-primary,2012-04-03 00:00:00,2012-04-03 00:00:00,primary,certified,False,President - Vice Pres,,Fred Karger,,,,,REP,,Harford,ocd-division/country:us/state:md/county:harford,14,,,,,2012,12,0,0,0
2015-10-09 20:41:31.091000,md-2012-04-03-primary,2012-04-03 00:00:00,2012-04-03 00:00:00,primary,certified,False,President - Vice Pres,,Ron Paul,,,,,REP,,Harford,ocd-division/country:us/state:md/county:harford,602,,,,,2012,566,5,4,3
2015-10-09 20:41:31.091000,md-2012-04-03-primary,2012-04-03 00:00:00,2012-04-03 00:00:00,primary,certified,False,President - Vice Pres,,Rick Perry,,,,,REP,,Harford,ocd-division/country:us/state:md/county:harford,23,,,,,2012,23,0,0,0
2015-10-09 20:41:31.091000,md-2012-04-03-primary,2012-04-03 00:00:00,2012-04-03 00:00:00,primary,certified,False,President - Vice Pres,,Buddy Roemer,,,,,REP,,Harford,ocd-division/country:us/state:md/county:harford,16,,,,,2012,14,1,0,0
2015-10-09 20:41:31.091000,md-2012-04-03-primary,2012-04-03 00:00:00,2012-04-03 00:00:00,primary,certified,False,President - Vice Pres,,Mitt Romney,,,,,REP,,Harford,ocd-division/country:us/state:md/county:harford,1872,,,,,2012,1683,27,17,8
2015-10-09 20:41:31.091000,md-2012-04-03-primary,2012-04-03 00:00:00,2012-04-03 00:00:00,primary,certified,False,President - Vice Pres,,Rick Santorum,,,,,REP,,Harford,ocd-division/country:us/state:md/county:harford,1107,,,,,2012,1000,16,3,7
2015-10-09 20:41:40.095000,md-2012-04-03-primary,2012-04-03 00:00:00,2012-04-03 00:00:00,primary,certified,False,President - Vice Pres,,Barack Obama,,,,,DEM,,Howard,ocd-division/country:us/state:md/county:howard,1411,,,,,2012,1211,21,8,16
2015-10-09 20:41:40.095000,md-2012-04-03-primary,2012-04-03 00:00:00,2012-04-03 00:00:00,primary,certified,False,President - Vice Pres,,Uncommitted To Any Presidential Candidate,,,,,DEM,,Howard,ocd-division/country:us/state:md/county:howard,150,,,,,2012,128,1,3,5
2015-10-09 20:41:40.095000,md-2012-04-03-primary,2012-04-03 00:00:00,2012-04-03 00:00:00,primary,certified,False,President - Vice Pres,,Barack Obama,,,,,DEM,,Howard,ocd-division/country:us/state:md/county:howard,5417,,,,,2012,4402,85,18,62
2015-10-09 20:41:40.095000,md-2012-04-03-primary,2012-04-03 00:00:00,2012-04-03 00:00:00,primary,certified,False,President - Vice Pres,,Uncommitted To Any Presidential Candidate,,,,,DEM,,Howard,ocd-division/country:us/state:md/county:howard,551,,,,,2012,466,8,5,3
2015-10-09 20:41:40.095000,md-2012-04-03-primary,2012-04-03 00:00:00,2012-04-03 00:00:00,primary,certified,False,President - Vice Pres,,Barack Obama,,,,,DEM,,Howard,ocd-division/country:us/state:md/county:howard,9431,,,,,2012,7001,103,26,83
2015-10-09 20:41:40.095000,md-2012-04-03-primary,2012-04-03 00:00:00,2012-04-03 00:00:00,primary,certified,False,President - Vice Pres,,Uncommitted To Any Presidential Candidate,,,,,DEM,,Howard,ocd-division/country:us/state:md/county:howard,1317,,,,,2012,1013,9,0,2
2015-10-09 20:41:43.238000,md-2012-04-03-primary,2012-04-03 00:00:00,2012-04-03 00:00:00,primary,certified,False,President - Vice Pres,,Newt Gingrich,,,,,REP,,Howard,ocd-division/country:us/state:md/county:howard,114,,,,,2012,98,2,0,1
2015-10-09 20:41:43.238000,md-2012-04-03-primary,2012-04-03 00:00:00,2012-04-03 00:00:00,primary,certified,False,President - Vice Pres,,Jon Huntsman,,,,,REP,,Howard,ocd-division/country:us/state:md/county:howard,15,,,,,2012,9,2,0,0
2015-10-09 20:41:43.238000,md-2012-04-03-primary,2012-04-03 00:00:00,2012-04-03 00:00:00,primary,certified,False,President - Vice Pres,,Fred Karger,,,,,REP,,Howard,ocd-division/country:us/state:md/county:howard,6,,,,,2012,5,1,0,0
2015-10-09 20:41:43.238000,md-2012-04-03-primary,2012-04-03 00:00:00,2012-04-03 00:00:00,primary,certified,False,President - Vice Pres,,Ron Paul,,,,,REP,,Howard,ocd-division/country:us/state:md/county:howard,163,,,,,2012,150,0,2,5
2015-10-09 20:41:43.238000,md-2012-04-03-primary,2012-04-03 00:00:00,2012-04-03 00:00:00,primary,certified,False,President - Vice Pres,,Rick Perry,,,,,REP,,Howard,ocd-division/country:us/state:md/county:howard,5,,,,,2012,5,0,0,0
2015-10-09 20:41:43.238000,md-2012-04-03-primary,2012-04-03 00:00:00,2012-04-03 00:00:00,primary,certified,False,President - Vice Pres,,Buddy Roemer,,,,,REP,,Howard,ocd-division/country:us/state:md/county:howard,4,,,,,2012,4,0,0,0
2015-10-09 20:41:43.238000,md-2012-04-03-primary,2012-04-03 00:00:00,2012-04-03 00:00:00,primary,certified,False,President - Vice Pres,,Mitt Romney,,,,,REP,,Howard,ocd-division/country:us/state:md/county:howard,575,,,,,2012,517,6,2,6
2015-10-09 20:41:43.238000,md-2012-04-03-primary,2012-04-03 00:00:00,2012-04-03 00:00:00,primary,certified,False,President - Vice Pres,,Rick Santorum,,,,,REP,,Howard,ocd-division/country:us/state:md/county:howard,412,,,,,2012,370,1,3,1
2015-10-09 20:41:43.238000,md-2012-04-03-primary,2012-04-03 00:00:00,2012-04-03 00:00:00,primary,certified,False,President - Vice Pres,,Newt Gingrich,,,,,REP,,Howard,ocd-division/country:us/state:md/county:howard,373,,,,,2012,324,4,0,3
2015-10-09 20:41:43.238000,md-2012-04-03-primary,2012-04-03 00:00:00,2012-04-03 00:00:00,primary,certified,False,President - Vice Pres,,Jon Huntsman,,,,,REP,,Howard,ocd-division/country:us/state:md/county:howard,41,,,,,2012,39,0,0,0
2015-10-09 20:41:43.238000,md-2012-04-03-primary,2012-04-03 00:00:00,2012-04-03 00:00:00,primary,certified,False,President - Vice Pres,,Fred Karger,,,,,REP,,Howard,ocd-division/country:us/state:md/county:howard,8,,,,,2012,6,0,1,0
2015-10-09 20:41:43.238000,md-2012-04-03-primary,2012-04-03 00:00:00,2012-04-03 00:00:00,primary,certified,False,President - Vice Pres,,Ron Paul,,,,,REP,,Howard,ocd-division/country:us/state:md/county:howard,436,,,,,2012,372,11,3,5
2015-10-09 20:41:43.238000,md-2012-04-03-primary,2012-04-03 00:00:00,2012-04-03 00:00:00,primary,certified,False,President - Vice Pres,,Rick Perry,,,,,REP,,Howard,ocd-division/country:us/state:md/county:howard,18,,,,,2012,12,1,0,0
2015-10-09 20:41:43.238000,md-2012-04-03-primary,2012-04-03 00:00:00,2012-04-03 00:00:00,primary,certified,False,President - Vice Pres,,Buddy Roemer,,,,,REP,,Howard,ocd-division/country:us/state:md/county:howard,14,,,,,2012,14,0,0,0
2015-10-09 20:41:43.238000,md-2012-04-03-primary,2012-04-03 00:00:00,2012-04-03 00:00:00,primary,certified,False,President - Vice Pres,,Mitt Romney,,,,,REP,,Howard,ocd-division/country:us/state:md/county:howard,2215,,,,,2012,1923,45,12,12
2015-10-09 20:41:43.238000,md-2012-04-03-primary,2012-04-03 00:00:00,2012-04-03 00:00:00,primary,certified,False,President - Vice Pres,,Rick Santorum,,,,,REP,,Howard,ocd-division/country:us/state:md/county:howard,976,,,,,2012,857,25,1,6
2015-10-09 20:41:43.238000,md-2012-04-03-primary,2012-04-03 00:00:00,2012-04-03 00:00:00,primary,certified,False,President - Vice Pres,,Newt Gingrich,,,,,REP,,Howard,ocd-division/country:us/state:md/county:howard,1021,,,,,2012,846,22,0,6
2015-10-09 20:41:43.238000,md-2012-04-03-primary,2012-04-03 00:00:00,2012-04-03 00:00:00,primary,certified,False,President - Vice Pres,,Jon Huntsman,,,,,REP,,Howard,ocd-division/country:us/state:md/county:howard,85,,,,,2012,66,1,0,0
2015-10-09 20:41:43.238000,md-2012-04-03-primary,2012-04-03 00:00:00,2012-04-03 00:00:00,primary,certified,False,President - Vice Pres,,Fred Karger,,,,,REP,,Howard,ocd-division/country:us/state:md/county:howard,9,,,,,2012,8,0,0,0
2015-10-09 20:41:43.238000,md-2012-04-03-primary,2012-04-03 00:00:00,2012-04-03 00:00:00,primary,certified,False,President - Vice Pres,,Ron Paul,,,,,REP,,Howard,ocd-division/country:us/state:md/county:howard,933,,,,,2012,770,24,2,13
2015-10-09 20:41:43.238000,md-2012-04-03-primary,2012-04-03 00:00:00,2012-04-03 00:00:00,primary,certified,False,President - Vice Pres,,Rick Perry,,,,,REP,,Howard,ocd-division/country:us/state:md/county:howard,37,,,,,2012,28,1,0,1
2015-10-09 20:41:43.238000,md-2012-04-03-primary,2012-04-03 00:00:00,2012-04-03 00:00:00,primary,certified,False,President - Vice Pres,,Buddy Roemer,,,,,REP,,Howard,ocd-division/country:us/state:md/county:howard,35,,,,,2012,29,1,0,0
2015-10-09 20:41:43.238000,md-2012-04-03-primary,2012-04-03 00:00:00,2012-04-03 00:00:00,primary,certified,False,President - Vice Pres,,Mitt Romney,,,,,REP,,Howard,ocd-division/country:us/state:md/county:howard,5671,,,,,2012,4599,109,11,36
2015-10-09 20:41:43.238000,md-2012-04-03-primary,2012-04-03 00:00:00,2012-04-03 00:00:00,primary,certified,False,President - Vice Pres,,Rick Santorum,,,,,REP,,Howard,ocd-division/country:us/state:md/county:howard,2339,,,,,2012,1966,38,9,17
2015-10-09 20:41:46.176000,md-2012-04-03-primary,2012-04-03 00:00:00,2012-04-03 00:00:00,primary,certified,False,President - Vice Pres,,Barack Obama,,,,,DEM,,Kent,ocd-division/country:us/state:md/county:kent,1169,,,,,2012,775,35,8,7
2015-10-09 20:41:46.176000,md-2012-04-03-primary,2012-04-03 00:00:00,2012-04-03 00:00:00,primary,certified,False,President - Vice Pres,,Uncommitted To Any Presidential Candidate,,,,,DEM,,Kent,ocd-division/country:us/state:md/county:kent,270,,,,,2012,227,6,3,2
2015-10-09 20:41:47.261000,md-2012-04-03-primary,2012-04-03 00:00:00,2012-04-03 00:00:00,primary,certified,False,President - Vice Pres,,Newt Gingrich,,,,,REP,,Kent,ocd-division/country:us/state:md/county:kent,169,,,,,2012,140,4,1,1
2015-10-09 20:41:47.261000,md-2012-04-03-primary,2012-04-03 00:00:00,2012-04-03 00:00:00,primary,certified,False,President - Vice Pres,,Jon Huntsman,,,,,REP,,Kent,ocd-division/country:us/state:md/county:kent,14,,,,,2012,11,0,0,0
2015-10-09 20:41:47.261000,md-2012-04-03-primary,2012-04-03 00:00:00,2012-04-03 00:00:00,primary,certified,False,President - Vice Pres,,Fred Karger,,,,,REP,,Kent,ocd-division/country:us/state:md/county:kent,1,,,,,2012,0,0,0,0
2015-10-09 20:41:47.261000,md-2012-04-03-primary,2012-04-03 00:00:00,2012-04-03 00:00:00,primary,certified,False,President - Vice Pres,,Ron Paul,,,,,REP,,Kent,ocd-division/country:us/state:md/county:kent,140,,,,,2012,107,3,1,2
2015-10-09 20:41:47.261000,md-2012-04-03-primary,2012-04-03 00:00:00,2012-04-03 00:00:00,primary,certified,False,President - Vice Pres,,Rick Perry,,,,,REP,,Kent,ocd-division/country:us/state:md/county:kent,11,,,,,2012,8,0,0,0
2015-10-09 20:41:47.261000,md-2012-04-03-primary,2012-04-03 00:00:00,2012-04-03 00:00:00,primary,certified,False,President - Vice Pres,,Buddy Roemer,,,,,REP,,Kent,ocd-division/country:us/state:md/county:kent,10,,,,,2012,8,1,0,0
2015-10-09 20:41:47.261000,md-2012-04-03-primary,2012-04-03 00:00:00,2012-04-03 00:00:00,primary,certified,False,President - Vice Pres,,Mitt Romney,,,,,REP,,Kent,ocd-division/country:us/state:md/county:kent,916,,,,,2012,691,35,8,2
2015-10-09 20:41:47.261000,md-2012-04-03-primary,2012-04-03 00:00:00,2012-04-03 00:00:00,primary,certified,False,President - Vice Pres,,Rick Santorum,,,,,REP,,Kent,ocd-division/country:us/state:md/county:kent,435,,,,,2012,364,4,3,1
2015-10-09 20:42:04.527000,md-2012-04-03-primary,2012-04-03 00:00:00,2012-04-03 00:00:00,primary,certified,False,President - Vice Pres,,Barack Obama,,,,,DEM,,Montgomery,ocd-division/country:us/state:md/county:montgomery,5188,,,,,2012,4092,133,98,56
2015-10-09 20:42:04.527000,md-2012-04-03-primary,2012-04-03 00:00:00,2012-04-03 00:00:00,primary,certified,False,President - Vice Pres,,Uncommitted To Any Presidential Candidate,,,,,DEM,,Montgomery,ocd-division/country:us/state:md/county:montgomery,401,,,,,2012,337,3,10,0
2015-10-09 20:42:04.527000,md-2012-04-03-primary,2012-04-03 00:00:00,2012-04-03 00:00:00,primary,certified,False,President - Vice Pres,,Barack Obama,,,,,DEM,,Montgomery,ocd-division/country:us/state:md/county:montgomery,18338,,,,,2012,15159,347,370,168
2015-10-09 20:42:04.527000,md-2012-04-03-primary,2012-04-03 00:00:00,2012-04-03 00:00:00,primary,certified,False,President - Vice Pres,,Uncommitted To Any Presidential Candidate,,,,,DEM,,Montgomery,ocd-division/country:us/state:md/county:montgomery,1687,,,,,2012,1456,43,29,14
2015-10-09 20:42:04.527000,md-2012-04-03-primary,2012-04-03 00:00:00,2012-04-03 00:00:00,primary,certified,False,President - Vice Pres,,Barack Obama,,,,,DEM,,Montgomery,ocd-division/country:us/state:md/county:montgomery,30544,,,,,2012,24983,897,806,281
2015-10-09 20:42:04.527000,md-2012-04-03-primary,2012-04-03 00:00:00,2012-04-03 00:00:00,primary,certified,False,President - Vice Pres,,Uncommitted To Any Presidential Candidate,,,,,DEM,,Montgomery,ocd-division/country:us/state:md/county:montgomery,2088,,,,,2012,1747,57,63,14
2015-10-09 20:42:11.189000,md-2012-04-03-primary,2012-04-03 00:00:00,2012-04-03 00:00:00,primary,certified,False,President - Vice Pres,,Newt Gingrich,,,,,REP,,Montgomery,ocd-division/country:us/state:md/county:montgomery,318,,,,,2012,260,9,10,2
2015-10-09 20:42:11.189000,md-2012-04-03-primary,2012-04-03 00:00:00,2012-04-03 00:00:00,primary,certified,False,President - Vice Pres,,Jon Huntsman,,,,,REP,,Montgomery,ocd-division/country:us/state:md/county:montgomery,29,,,,,2012,27,0,0,0
2015-10-09 20:42:11.189000,md-2012-04-03-primary,2012-04-03 00:00:00,2012-04-03 00:00:00,primary,certified,False,President - Vice Pres,,Fred Karger,,,,,REP,,Montgomery,ocd-division/country:us/state:md/county:montgomery,3,,,,,2012,3,0,0,0
2015-10-09 20:42:11.189000,md-2012-04-03-primary,2012-04-03 00:00:00,2012-04-03 00:00:00,primary,certified,False,President - Vice Pres,,Ron Paul,,,,,REP,,Montgomery,ocd-division/country:us/state:md/county:montgomery,231,,,,,2012,196,5,3,4
2015-10-09 20:42:11.189000,md-2012-04-03-primary,2012-04-03 00:00:00,2012-04-03 00:00:00,primary,certified,False,President - Vice Pres,,Rick Perry,,,,,REP,,Montgomery,ocd-division/country:us/state:md/county:montgomery,10,,,,,2012,8,0,0,1
2015-10-09 20:42:11.189000,md-2012-04-03-primary,2012-04-03 00:00:00,2012-04-03 00:00:00,primary,certified,False,President - Vice Pres,,Buddy Roemer,,,,,REP,,Montgomery,ocd-division/country:us/state:md/county:montgomery,10,,,,,2012,6,0,0,0
2015-10-09 20:42:11.189000,md-2012-04-03-primary,2012-04-03 00:00:00,2012-04-03 00:00:00,primary,certified,False,President - Vice Pres,,Mitt Romney,,,,,REP,,Montgomery,ocd-division/country:us/state:md/county:montgomery,1809,,,,,2012,1481,28,31,8
2015-10-09 20:42:11.189000,md-2012-04-03-primary,2012-04-03 00:00:00,2012-04-03 00:00:00,primary,certified,False,President - Vice Pres,,Rick Santorum,,,,,REP,,Montgomery,ocd-division/country:us/state:md/county:montgomery,839,,,,,2012,707,10,15,12
2015-10-09 20:42:11.189000,md-2012-04-03-primary,2012-04-03 00:00:00,2012-04-03 00:00:00,primary,certified,False,President - Vice Pres,,Newt Gingrich,,,,,REP,,Montgomery,ocd-division/country:us/state:md/county:montgomery,999,,,,,2012,863,24,25,3
2015-10-09 20:42:11.189000,md-2012-04-03-primary,2012-04-03 00:00:00,2012-04-03 00:00:00,primary,certified,False,President - Vice Pres,,Jon Huntsman,,,,,REP,,Montgomery,ocd-division/country:us/state:md/county:montgomery,108,,,,,2012,95,2,2,2
2015-10-09 20:42:11.189000,md-2012-04-03-primary,2012-04-03 00:00:00,2012-04-03 00:00:00,primary,certified,False,President - Vice Pres,,Fred Karger,,,,,REP,,Montgomery,ocd-division/country:us/state:md/county:montgomery,22,,,,,2012,18,0,0,0
2015-10-09 20:42:11.189000,md-2012-04-03-primary,2012-04-03 00:00:00,2012-04-03 00:00:00,primary,certified,False,President - Vice Pres,,Ron Paul,,,,,REP,,Montgomery,ocd-division/country:us/state:md/county:montgomery,866,,,,,2012,754,19,14,10
2015-10-09 20:42:11.189000,md-2012-04-03-primary,2012-04-03 00:00:00,2012-04-03 00:00:00,primary,certified,False,President - Vice Pres,,Rick Perry,,,,,REP,,Montgomery,ocd-division/country:us/state:md/county:montgomery,43,,,,,2012,35,3,2,1
2015-10-09 20:42:11.189000,md-2012-04-03-primary,2012-04-03 00:00:00,2012-04-03 00:00:00,primary,certified,False,President - Vice Pres,,Buddy Roemer,,,,,REP,,Montgomery,ocd-division/country:us/state:md/county:montgomery,46,,,,,2012,38,2,0,0
2015-10-09 20:42:11.189000,md-2012-04-03-primary,2012-04-03 00:00:00,2012-04-03 00:00:00,primary,certified,False,President - Vice Pres,,Mitt Romney,,,,,REP,,Montgomery,ocd-division/country:us/state:md/county:montgomery,6880,,,,,2012,5853,156,174,50
2015-10-09 20:42:11.189000,md-2012-04-03-primary,2012-04-03 00:00:00,2012-04-03 00:00:00,primary,certified,False,President - Vice Pres,,Rick Santorum,,,,,REP,,Montgomery,ocd-division/country:us/state:md/county:montgomery,2947,,,,,2012,2577,43,58,27
2015-10-09 20:42:11.189000,md-2012-04-03-primary,2012-04-03 00:00:00,2012-04-03 00:00:00,primary,certified,False,President - Vice Pres,,Newt Gingrich,,,,,REP,,Montgomery,ocd-division/country:us/state:md/county:montgomery,1083,,,,,2012,900,45,35,5
2015-10-09 20:42:11.189000,md-2012-04-03-primary,2012-04-03 00:00:00,2012-04-03 00:00:00,primary,certified,False,President - Vice Pres,,Jon Huntsman,,,,,REP,,Montgomery,ocd-division/country:us/state:md/county:montgomery,175,,,,,2012,152,6,5,2
2015-10-09 20:42:11.189000,md-2012-04-03-primary,2012-04-03 00:00:00,2012-04-03 00:00:00,primary,certified,False,President - Vice Pres,,Fred Karger,,,,,REP,,Montgomery,ocd-division/country:us/state:md/county:montgomery,32,,,,,2012,29,1,1,1
2015-10-09 20:42:11.189000,md-2012-04-03-primary,2012-04-03 00:00:00,2012-04-03 00:00:00,primary,certified,False,President - Vice Pres,,Ron Paul,,,,,REP,,Montgomery,ocd-division/country:us/state:md/county:montgomery,951,,,,,2012,806,21,32,15
2015-10-09 20:42:11.189000,md-2012-04-03-primary,2012-04-03 00:00:00,2012-04-03 00:00:00,primary,certified,False,President - Vice Pres,,Rick Perry,,,,,REP,,Montgomery,ocd-division/country:us/state:md/county:montgomery,46,,,,,2012,37,0,1,2
2015-10-09 20:42:11.189000,md-2012-04-03-primary,2012-04-03 00:00:00,2012-04-03 00:00:00,primary,certified,False,President - Vice Pres,,Buddy Roemer,,,,,REP,,Montgomery,ocd-division/country:us/state:md/county:montgomery,54,,,,,2012,47,0,0,0
2015-10-09 20:42:11.189000,md-2012-04-03-primary,2012-04-03 00:00:00,2012-04-03 00:00:00,primary,certified,False,President - Vice Pres,,Mitt Romney,,,,,REP,,Montgomery,ocd-division/country:us/state:md/county:montgomery,8783,,,,,2012,7455,318,288,67
2015-10-09 20:42:11.189000,md-2012-04-03-primary,2012-04-03 00:00:00,2012-04-03 00:00:00,primary,certified,False,President - Vice Pres,,Rick Santorum,,,,,REP,,Montgomery,ocd-division/country:us/state:md/county:montgomery,2836,,,,,2012,2443,81,71,29
2015-10-09 20:42:28.517000,md-2012-04-03-primary,2012-04-03 00:00:00,2012-04-03 00:00:00,primary,certified,False,President - Vice Pres,,Barack Obama,,,,,DEM,,Prince George's,ocd-division/country:us/state:md/county:prince_george~s,39488,,,,,2012,32771,714,152,804
2015-10-09 20:42:28.517000,md-2012-04-03-primary,2012-04-03 00:00:00,2012-04-03 00:00:00,primary,certified,False,President - Vice Pres,,Uncommitted To Any Presidential Candidate,,,,,DEM,,Prince George's,ocd-division/country:us/state:md/county:prince_george~s,819,,,,,2012,694,17,8,15
2015-10-09 20:42:28.517000,md-2012-04-03-primary,2012-04-03 00:00:00,2012-04-03 00:00:00,primary,certified,False,President - Vice Pres,,Barack Obama,,,,,DEM,,Prince George's,ocd-division/country:us/state:md/county:prince_george~s,24921,,,,,2012,20782,303,120,405
2015-10-09 20:42:28.517000,md-2012-04-03-primary,2012-04-03 00:00:00,2012-04-03 00:00:00,primary,certified,False,President - Vice Pres,,Uncommitted To Any Presidential Candidate,,,,,DEM,,Prince George's,ocd-division/country:us/state:md/county:prince_george~s,1101,,,,,2012,929,22,8,5
2015-10-09 20:42:34.347000,md-2012-04-03-primary,2012-04-03 00:00:00,2012-04-03 00:00:00,primary,certified,False,President - Vice Pres,,Newt Gingrich,,,,,REP,,Prince George's,ocd-division/country:us/state:md/county:prince_george~s,401,,,,,2012,327,14,9,7
2015-10-09 20:42:34.347000,md-2012-04-03-primary,2012-04-03 00:00:00,2012-04-03 00:00:00,primary,certified,False,President - Vice Pres,,Jon Huntsman,,,,,REP,,Prince George's,ocd-division/country:us/state:md/county:prince_george~s,33,,,,,2012,28,0,1,0
2015-10-09 20:42:34.347000,md-2012-04-03-primary,2012-04-03 00:00:00,2012-04-03 00:00:00,primary,certified,False,President - Vice Pres,,Fred Karger,,,,,REP,,Prince George's,ocd-division/country:us/state:md/county:prince_george~s,17,,,,,2012,11,1,1,1
2015-10-09 20:42:34.347000,md-2012-04-03-primary,2012-04-03 00:00:00,2012-04-03 00:00:00,primary,certified,False,President - Vice Pres,,Ron Paul,,,,,REP,,Prince George's,ocd-division/country:us/state:md/county:prince_george~s,311,,,,,2012,256,6,1,25
2015-10-09 20:42:34.347000,md-2012-04-03-primary,2012-04-03 00:00:00,2012-04-03 00:00:00,primary,certified,False,President - Vice Pres,,Rick Perry,,,,,REP,,Prince George's,ocd-division/country:us/state:md/county:prince_george~s,20,,,,,2012,14,1,0,2
2015-10-09 20:42:34.347000,md-2012-04-03-primary,2012-04-03 00:00:00,2012-04-03 00:00:00,primary,certified,False,President - Vice Pres,,Buddy Roemer,,,,,REP,,Prince George's,ocd-division/country:us/state:md/county:prince_george~s,27,,,,,2012,21,0,0,1
2015-10-09 20:42:34.347000,md-2012-04-03-primary,2012-04-03 00:00:00,2012-04-03 00:00:00,primary,certified,False,President - Vice Pres,,Mitt Romney,,,,,REP,,Prince George's,ocd-division/country:us/state:md/county:prince_george~s,1503,,,,,2012,1294,42,19,9
2015-10-09 20:42:34.347000,md-2012-04-03-primary,2012-04-03 00:00:00,2012-04-03 00:00:00,primary,certified,False,President - Vice Pres,,Rick Santorum,,,,,REP,,Prince George's,ocd-division/country:us/state:md/county:prince_george~s,925,,,,,2012,791,21,10,13
2015-10-09 20:42:34.347000,md-2012-04-03-primary,2012-04-03 00:00:00,2012-04-03 00:00:00,primary,certified,False,President - Vice Pres,,Newt Gingrich,,,,,REP,,Prince George's,ocd-division/country:us/state:md/county:prince_george~s,578,,,,,2012,491,20,1,7
2015-10-09 20:42:34.347000,md-2012-04-03-primary,2012-04-03 00:00:00,2012-04-03 00:00:00,primary,certified,False,President - Vice Pres,,Jon Huntsman,,,,,REP,,Prince George's,ocd-division/country:us/state:md/county:prince_george~s,37,,,,,2012,32,0,1,1
2015-10-09 20:42:34.347000,md-2012-04-03-primary,2012-04-03 00:00:00,2012-04-03 00:00:00,primary,certified,False,President - Vice Pres,,Fred Karger,,,,,REP,,Prince George's,ocd-division/country:us/state:md/county:prince_george~s,18,,,,,2012,13,0,1,1
2015-10-09 20:42:34.347000,md-2012-04-03-primary,2012-04-03 00:00:00,2012-04-03 00:00:00,primary,certified,False,President - Vice Pres,,Ron Paul,,,,,REP,,Prince George's,ocd-division/country:us/state:md/county:prince_george~s,473,,,,,2012,413,11,3,8
2015-10-09 20:42:34.347000,md-2012-04-03-primary,2012-04-03 00:00:00,2012-04-03 00:00:00,primary,certified,False,President - Vice Pres,,Rick Perry,,,,,REP,,Prince George's,ocd-division/country:us/state:md/county:prince_george~s,36,,,,,2012,27,1,5,1
2015-10-09 20:42:34.347000,md-2012-04-03-primary,2012-04-03 00:00:00,2012-04-03 00:00:00,primary,certified,False,President - Vice Pres,,Buddy Roemer,,,,,REP,,Prince George's,ocd-division/country:us/state:md/county:prince_george~s,37,,,,,2012,32,2,0,1
2015-10-09 20:42:34.347000,md-2012-04-03-primary,2012-04-03 00:00:00,2012-04-03 00:00:00,primary,certified,False,President - Vice Pres,,Mitt Romney,,,,,REP,,Prince George's,ocd-division/country:us/state:md/county:prince_george~s,2358,,,,,2012,1997,40,22,20
2015-10-09 20:42:34.347000,md-2012-04-03-primary,2012-04-03 00:00:00,2012-04-03 00:00:00,primary,certified,False,President - Vice Pres,,Rick Santorum,,,,,REP,,Prince George's,ocd-division/country:us/state:md/county:prince_george~s,1710,,,,,2012,1468,27,16,15
2015-10-09 20:42:37.775000,md-2012-04-03-primary,2012-04-03 00:00:00,2012-04-03 00:00:00,primary,certified,False,President - Vice Pres,,Barack Obama,,,,,DEM,,Queen Anne's,ocd-division/country:us/state:md/county:queen_anne~s,1419,,,,,2012,1187,38,6,15
2015-10-09 20:42:37.775000,md-2012-04-03-primary,2012-04-03 00:00:00,2012-04-03 00:00:00,primary,certified,False,President - Vice Pres,,Uncommitted To Any Presidential Candidate,,,,,DEM,,Queen Anne's,ocd-division/country:us/state:md/county:queen_anne~s,420,,,,,2012,369,11,2,3
2015-10-09 20:42:39.036000,md-2012-04-03-primary,2012-04-03 00:00:00,2012-04-03 00:00:00,primary,certified,False,President - Vice Pres,,Newt Gingrich,,,,,REP,,Queen Anne's,ocd-division/country:us/state:md/county:queen_anne~s,568,,,,,2012,491,17,1,3
2015-10-09 20:42:39.036000,md-2012-04-03-primary,2012-04-03 00:00:00,2012-04-03 00:00:00,primary,certified,False,President - Vice Pres,,Jon Huntsman,,,,,REP,,Queen Anne's,ocd-division/country:us/state:md/county:queen_anne~s,25,,,,,2012,18,1,0,0
2015-10-09 20:42:39.036000,md-2012-04-03-primary,2012-04-03 00:00:00,2012-04-03 00:00:00,primary,certified,False,President - Vice Pres,,Fred Karger,,,,,REP,,Queen Anne's,ocd-division/country:us/state:md/county:queen_anne~s,1,,,,,2012,1,0,0,0
2015-10-09 20:42:39.036000,md-2012-04-03-primary,2012-04-03 00:00:00,2012-04-03 00:00:00,primary,certified,False,President - Vice Pres,,Ron Paul,,,,,REP,,Queen Anne's,ocd-division/country:us/state:md/county:queen_anne~s,353,,,,,2012,316,8,4,3
2015-10-09 20:42:39.036000,md-2012-04-03-primary,2012-04-03 00:00:00,2012-04-03 00:00:00,primary,certified,False,President - Vice Pres,,Rick Perry,,,,,REP,,Queen Anne's,ocd-division/country:us/state:md/county:queen_anne~s,14,,,,,2012,12,0,1,0
2015-10-09 20:42:39.036000,md-2012-04-03-primary,2012-04-03 00:00:00,2012-04-03 00:00:00,primary,certified,False,President - Vice Pres,,Buddy Roemer,,,,,REP,,Queen Anne's,ocd-division/country:us/state:md/county:queen_anne~s,18,,,,,2012,16,0,0,0
2015-10-09 20:42:39.036000,md-2012-04-03-primary,2012-04-03 00:00:00,2012-04-03 00:00:00,primary,certified,False,President - Vice Pres,,Mitt Romney,,,,,REP,,Queen Anne's,ocd-division/country:us/state:md/county:queen_anne~s,2331,,,,,2012,2013,41,14,7
2015-10-09 20:42:39.036000,md-2012-04-03-primary,2012-04-03 00:00:00,2012-04-03 00:00:00,primary,certified,False,President - Vice Pres,,Rick Santorum,,,,,REP,,Queen Anne's,ocd-division/country:us/state:md/county:queen_anne~s,1257,,,,,2012,1101,27,1,8
2015-10-09 20:42:42.907000,md-2012-04-03-primary,2012-04-03 00:00:00,2012-04-03 00:00:00,primary,certified,False,President - Vice Pres,,Barack Obama,,,,,DEM,,Somerset,ocd-division/country:us/state:md/county:somerset,586,,,,,2012,462,20,11,4
2015-10-09 20:42:42.907000,md-2012-04-03-primary,2012-04-03 00:00:00,2012-04-03 00:00:00,primary,certified,False,President - Vice Pres,,Uncommitted To Any Presidential Candidate,,,,,DEM,,Somerset,ocd-division/country:us/state:md/county:somerset,200,,,,,2012,150,16,3,3
2015-10-09 20:42:44.284000,md-2012-04-03-primary,2012-04-03 00:00:00,2012-04-03 00:00:00,primary,certified,False,President - Vice Pres,,Newt Gingrich,,,,,REP,,Somerset,ocd-division/country:us/state:md/county:somerset,216,,,,,2012,182,8,3,1
2015-10-09 20:42:44.284000,md-2012-04-03-primary,2012-04-03 00:00:00,2012-04-03 00:00:00,primary,certified,False,President - Vice Pres,,Jon Huntsman,,,,,REP,,Somerset,ocd-division/country:us/state:md/county:somerset,4,,,,,2012,3,0,0,0
2015-10-09 20:42:44.284000,md-2012-04-03-primary,2012-04-03 00:00:00,2012-04-03 00:00:00,primary,certified,False,President - Vice Pres,,Fred Karger,,,,,REP,,Somerset,ocd-division/country:us/state:md/county:somerset,1,,,,,2012,1,0,0,0
2015-10-09 20:42:44.284000,md-2012-04-03-primary,2012-04-03 00:00:00,2012-04-03 00:00:00,primary,certified,False,President - Vice Pres,,Ron Paul,,,,,REP,,Somerset,ocd-division/country:us/state:md/county:somerset,63,,,,,2012,50,2,0,3
2015-10-09 20:42:44.284000,md-2012-04-03-primary,2012-04-03 00:00:00,2012-04-03 00:00:00,primary,certified,False,President - Vice Pres,,Rick Perry,,,,,REP,,Somerset,ocd-division/country:us/state:md/county:somerset,11,,,,,2012,11,0,0,0
2015-10-09 20:42:44.284000,md-2012-04-03-primary,2012-04-03 00:00:00,2012-04-03 00:00:00,primary,certified,False,President - Vice Pres,,Buddy Roemer,,,,,REP,,Somerset,ocd-division/country:us/state:md/county:somerset,3,,,,,2012,3,0,0,0
2015-10-09 20:42:44.284000,md-2012-04-03-primary,2012-04-03 00:00:00,2012-04-03 00:00:00,primary,certified,False,President - Vice Pres,,Mitt Romney,,,,,REP,,Somerset,ocd-division/country:us/state:md/county:somerset,466,,,,,2012,371,16,5,3
2015-10-09 20:42:44.284000,md-2012-04-03-primary,2012-04-03 00:00:00,2012-04-03 00:00:00,primary,certified,False,President - Vice Pres,,Rick Santorum,,,,,REP,,Somerset,ocd-division/country:us/state:md/county:somerset,592,,,,,2012,528,9,0,2
2015-10-09 20:42:48.550000,md-2012-04-03-primary,2012-04-03 00:00:00,2012-04-03 00:00:00,primary,certified,False,President - Vice Pres,,Barack Obama,,,,,DEM,,St. Mary's,ocd-division/country:us/state:md/county:st_mary~s,3649,,,,,2012,2953,0,217,15
2015-10-09 20:42:48.550000,md-2012-04-03-primary,2012-04-03 00:00:00,2012-04-03 00:00:00,primary,certified,False,President - Vice Pres,,Uncommitted To Any Presidential Candidate,,,,,DEM,,St. Mary's,ocd-division/country:us/state:md/county:st_mary~s,1442,,,,,2012,1199,0,73,0
2015-10-09 20:42:50.261000,md-2012-04-03-primary,2012-04-03 00:00:00,2012-04-03 00:00:00,primary,certified,False,President - Vice Pres,,Newt Gingrich,,,,,REP,,St. Mary's,ocd-division/country:us/state:md/county:st_mary~s,897,,,,,2012,735,50,3,5
2015-10-09 20:42:50.261000,md-2012-04-03-primary,2012-04-03 00:00:00,2012-04-03 00:00:00,primary,certified,False,President - Vice Pres,,Jon Huntsman,,,,,REP,,St. Mary's,ocd-division/country:us/state:md/county:st_mary~s,27,,,,,2012,23,1,0,0
2015-10-09 20:42:50.261000,md-2012-04-03-primary,2012-04-03 00:00:00,2012-04-03 00:00:00,primary,certified,False,President - Vice Pres,,Fred Karger,,,,,REP,,St. Mary's,ocd-division/country:us/state:md/county:st_mary~s,7,,,,,2012,6,0,0,0
2015-10-09 20:42:50.261000,md-2012-04-03-primary,2012-04-03 00:00:00,2012-04-03 00:00:00,primary,certified,False,President - Vice Pres,,Ron Paul,,,,,REP,,St. Mary's,ocd-division/country:us/state:md/county:st_mary~s,648,,,,,2012,547,19,1,4
2015-10-09 20:42:50.261000,md-2012-04-03-primary,2012-04-03 00:00:00,2012-04-03 00:00:00,primary,certified,False,President - Vice Pres,,Rick Perry,,,,,REP,,St. Mary's,ocd-division/country:us/state:md/county:st_mary~s,43,,,,,2012,36,0,0,1
2015-10-09 20:42:50.261000,md-2012-04-03-primary,2012-04-03 00:00:00,2012-04-03 00:00:00,primary,certified,False,President - Vice Pres,,Buddy Roemer,,,,,REP,,St. Mary's,ocd-division/country:us/state:md/county:st_mary~s,32,,,,,2012,30,0,0,0
2015-10-09 20:42:50.261000,md-2012-04-03-primary,2012-04-03 00:00:00,2012-04-03 00:00:00,primary,certified,False,President - Vice Pres,,Mitt Romney,,,,,REP,,St. Mary's,ocd-division/country:us/state:md/county:st_mary~s,3241,,,,,2012,2742,93,3,22
2015-10-09 20:42:50.261000,md-2012-04-03-primary,2012-04-03 00:00:00,2012-04-03 00:00:00,primary,certified,False,President - Vice Pres,,Rick Santorum,,,,,REP,,St. Mary's,ocd-division/country:us/state:md/county:st_mary~s,2514,,,,,2012,2139,85,3,16
2015-10-09 20:42:52.884000,md-2012-04-03-primary,2012-04-03 00:00:00,2012-04-03 00:00:00,primary,certified,False,President - Vice Pres,,Barack Obama,,,,,DEM,,Talbot,ocd-division/country:us/state:md/county:talbot,1820,,,,,2012,1232,36,8,14
2015-10-09 20:42:52.884000,md-2012-04-03-primary,2012-04-03 00:00:00,2012-04-03 00:00:00,primary,certified,False,President - Vice Pres,,Uncommitted To Any Presidential Candidate,,,,,DEM,,Talbot,ocd-division/country:us/state:md/county:talbot,305,,,,,2012,220,7,0,4
2015-10-09 20:42:54.582000,md-2012-04-03-primary,2012-04-03 00:00:00,2012-04-03 00:00:00,primary,certified,False,President - Vice Pres,,Newt Gingrich,,,,,REP,,Talbot,ocd-division/country:us/state:md/county:talbot,434,,,,,2012,335,15,1,1
2015-10-09 20:42:54.582000,md-2012-04-03-primary,2012-04-03 00:00:00,2012-04-03 00:00:00,primary,certified,False,President - Vice Pres,,Jon Huntsman,,,,,REP,,Talbot,ocd-division/country:us/state:md/county:talbot,22,,,,,2012,13,0,0,0
2015-10-09 20:42:54.582000,md-2012-04-03-primary,2012-04-03 00:00:00,2012-04-03 00:00:00,primary,certified,False,President - Vice Pres,,Fred Karger,,,,,REP,,Talbot,ocd-division/country:us/state:md/county:talbot,5,,,,,2012,3,1,0,0
2015-10-09 20:42:54.582000,md-2012-04-03-primary,2012-04-03 00:00:00,2012-04-03 00:00:00,primary,certified,False,President - Vice Pres,,Ron Paul,,,,,REP,,Talbot,ocd-division/country:us/state:md/county:talbot,273,,,,,2012,216,6,0,2
2015-10-09 20:42:54.582000,md-2012-04-03-primary,2012-04-03 00:00:00,2012-04-03 00:00:00,primary,certified,False,President - Vice Pres,,Rick Perry,,,,,REP,,Talbot,ocd-division/country:us/state:md/county:talbot,14,,,,,2012,11,0,0,0
2015-10-09 20:42:54.582000,md-2012-04-03-primary,2012-04-03 00:00:00,2012-04-03 00:00:00,primary,certified,False,President - Vice Pres,,Buddy Roemer,,,,,REP,,Talbot,ocd-division/country:us/state:md/county:talbot,12,,,,,2012,8,0,0,0
2015-10-09 20:42:54.582000,md-2012-04-03-primary,2012-04-03 00:00:00,2012-04-03 00:00:00,primary,certified,False,President - Vice Pres,,Mitt Romney,,,,,REP,,Talbot,ocd-division/country:us/state:md/county:talbot,2266,,,,,2012,1580,67,11,9
2015-10-09 20:42:54.582000,md-2012-04-03-primary,2012-04-03 00:00:00,2012-04-03 00:00:00,primary,certified,False,President - Vice Pres,,Rick Santorum,,,,,REP,,Talbot,ocd-division/country:us/state:md/county:talbot,746,,,,,2012,563,15,1,4
2015-10-09 20:42:59.848000,md-2012-04-03-primary,2012-04-03 00:00:00,2012-04-03 00:00:00,primary,certified,False,President - Vice Pres,,Barack Obama,,,,,DEM,,Washington,ocd-division/country:us/state:md/county:washington,5004,,,,,2012,4287,215,17,25
2015-10-09 20:42:59.848000,md-2012-04-03-primary,2012-04-03 00:00:00,2012-04-03 00:00:00,primary,certified,False,President - Vice Pres,,Uncommitted To Any Presidential Candidate,,,,,DEM,,Washington,ocd-division/country:us/state:md/county:washington,1689,,,,,2012,1536,63,4,1
2015-10-09 20:43:02.332000,md-2012-04-03-primary,2012-04-03 00:00:00,2012-04-03 00:00:00,primary,certified,False,President - Vice Pres,,Newt Gingrich,,,,,REP,,Washington,ocd-division/country:us/state:md/county:washington,1426,,,,,2012,1296,37,4,5
2015-10-09 20:43:02.332000,md-2012-04-03-primary,2012-04-03 00:00:00,2012-04-03 00:00:00,primary,certified,False,President - Vice Pres,,Jon Huntsman,,,,,REP,,Washington,ocd-division/country:us/state:md/county:washington,69,,,,,2012,55,9,0,1
2015-10-09 20:43:02.332000,md-2012-04-03-primary,2012-04-03 00:00:00,2012-04-03 00:00:00,primary,certified,False,President - Vice Pres,,Fred Karger,,,,,REP,,Washington,ocd-division/country:us/state:md/county:washington,15,,,,,2012,12,0,0,0
2015-10-09 20:43:02.332000,md-2012-04-03-primary,2012-04-03 00:00:00,2012-04-03 00:00:00,primary,certified,False,President - Vice Pres,,Ron Paul,,,,,REP,,Washington,ocd-division/country:us/state:md/county:washington,978,,,,,2012,887,18,1,8
2015-10-09 20:43:02.332000,md-2012-04-03-primary,2012-04-03 00:00:00,2012-04-03 00:00:00,primary,certified,False,President - Vice Pres,,Rick Perry,,,,,REP,,Washington,ocd-division/country:us/state:md/county:washington,72,,,,,2012,66,4,0,0
2015-10-09 20:43:02.332000,md-2012-04-03-primary,2012-04-03 00:00:00,2012-04-03 00:00:00,primary,certified,False,President - Vice Pres,,Buddy Roemer,,,,,REP,,Washington,ocd-division/country:us/state:md/county:washington,40,,,,,2012,34,2,1,0
2015-10-09 20:43:02.332000,md-2012-04-03-primary,2012-04-03 00:00:00,2012-04-03 00:00:00,primary,certified,False,President - Vice Pres,,Mitt Romney,,,,,REP,,Washington,ocd-division/country:us/state:md/county:washington,5259,,,,,2012,4646,196,8,13
2015-10-09 20:43:02.332000,md-2012-04-03-primary,2012-04-03 00:00:00,2012-04-03 00:00:00,primary,certified,False,President - Vice Pres,,Rick Santorum,,,,,REP,,Washington,ocd-division/country:us/state:md/county:washington,4473,,,,,2012,4092,112,10,16
2015-10-09 20:43:07.004000,md-2012-04-03-primary,2012-04-03 00:00:00,2012-04-03 00:00:00,primary,certified,False,President - Vice Pres,,Barack Obama,,,,,DEM,,Wicomico,ocd-division/country:us/state:md/county:wicomico,2723,,,,,2012,2099,163,13,25
2015-10-09 20:43:07.004000,md-2012-04-03-primary,2012-04-03 00:00:00,2012-04-03 00:00:00,primary,certified,False,President - Vice Pres,,Uncommitted To Any Presidential Candidate,,,,,DEM,,Wicomico,ocd-division/country:us/state:md/county:wicomico,654,,,,,2012,520,49,1,2
2015-10-09 20:43:08.851000,md-2012-04-03-primary,2012-04-03 00:00:00,2012-04-03 00:00:00,primary,certified,False,President - Vice Pres,,Newt Gingrich,,,,,REP,,Wicomico,ocd-division/country:us/state:md/county:wicomico,754,,,,,2012,590,31,6,5
2015-10-09 20:43:08.851000,md-2012-04-03-primary,2012-04-03 00:00:00,2012-04-03 00:00:00,primary,certified,False,President - Vice Pres,,Jon Huntsman,,,,,REP,,Wicomico,ocd-division/country:us/state:md/county:wicomico,27,,,,,2012,21,4,0,0
2015-10-09 20:43:08.851000,md-2012-04-03-primary,2012-04-03 00:00:00,2012-04-03 00:00:00,primary,certified,False,President - Vice Pres,,Fred Karger,,,,,REP,,Wicomico,ocd-division/country:us/state:md/county:wicomico,4,,,,,2012,3,0,1,0
2015-10-09 20:43:08.851000,md-2012-04-03-primary,2012-04-03 00:00:00,2012-04-03 00:00:00,primary,certified,False,President - Vice Pres,,Ron Paul,,,,,REP,,Wicomico,ocd-division/country:us/state:md/county:wicomico,441,,,,,2012,365,16,3,3
2015-10-09 20:43:08.851000,md-2012-04-03-primary,2012-04-03 00:00:00,2012-04-03 00:00:00,primary,certified,False,President - Vice Pres,,Rick Perry,,,,,REP,,Wicomico,ocd-division/country:us/state:md/county:wicomico,32,,,,,2012,25,2,0,0
2015-10-09 20:43:08.851000,md-2012-04-03-primary,2012-04-03 00:00:00,2012-04-03 00:00:00,primary,certified,False,President - Vice Pres,,Buddy Roemer,,,,,REP,,Wicomico,ocd-division/country:us/state:md/county:wicomico,10,,,,,2012,8,0,0,0
2015-10-09 20:43:08.851000,md-2012-04-03-primary,2012-04-03 00:00:00,2012-04-03 00:00:00,primary,certified,False,President - Vice Pres,,Mitt Romney,,,,,REP,,Wicomico,ocd-division/country:us/state:md/county:wicomico,2425,,,,,2012,1918,103,8,12
2015-10-09 20:43:08.851000,md-2012-04-03-primary,2012-04-03 00:00:00,2012-04-03 00:00:00,primary,certified,False,President - Vice Pres,,Rick Santorum,,,,,REP,,Wicomico,ocd-division/country:us/state:md/county:wicomico,2129,,,,,2012,1781,66,8,12
2015-10-09 20:43:12.267000,md-2012-04-03-primary,2012-04-03 00:00:00,2012-04-03 00:00:00,primary,certified,False,President - Vice Pres,,Barack Obama,,,,,DEM,,Worcester,ocd-division/country:us/state:md/county:worcester,1860,,,,,2012,1439,94,17,13
2015-10-09 20:43:12.267000,md-2012-04-03-primary,2012-04-03 00:00:00,2012-04-03 00:00:00,primary,certified,False,President - Vice Pres,,Uncommitted To Any Presidential Candidate,,,,,DEM,,Worcester,ocd-division/country:us/state:md/county:worcester,512,,,,,2012,429,32,7,2
2015-10-09 20:43:13.566000,md-2012-04-03-primary,2012-04-03 00:00:00,2012-04-03 00:00:00,primary,certified,False,President - Vice Pres,,Newt Gingrich,,,,,REP,,Worcester,ocd-division/country:us/state:md/county:worcester,531,,,,,2012,417,40,3,3
2015-10-09 20:43:13.566000,md-2012-04-03-primary,2012-04-03 00:00:00,2012-04-03 00:00:00,primary,certified,False,President - Vice Pres,,Jon Huntsman,,,,,REP,,Worcester,ocd-division/country:us/state:md/county:worcester,8,,,,,2012,7,0,0,0
2015-10-09 20:43:13.566000,md-2012-04-03-primary,2012-04-03 00:00:00,2012-04-03 00:00:00,primary,certified,False,President - Vice Pres,,Fred Karger,,,,,REP,,Worcester,ocd-division/country:us/state:md/county:worcester,3,,,,,2012,3,0,0,0
2015-10-09 20:43:13.566000,md-2012-04-03-primary,2012-04-03 00:00:00,2012-04-03 00:00:00,primary,certified,False,President - Vice Pres,,Ron Paul,,,,,REP,,Worcester,ocd-division/country:us/state:md/county:worcester,264,,,,,2012,237,2,1,0
2015-10-09 20:43:13.566000,md-2012-04-03-primary,2012-04-03 00:00:00,2012-04-03 00:00:00,primary,certified,False,President - Vice Pres,,Rick Perry,,,,,REP,,Worcester,ocd-division/country:us/state:md/county:worcester,12,,,,,2012,11,1,0,0
2015-10-09 20:43:13.566000,md-2012-04-03-primary,2012-04-03 00:00:00,2012-04-03 00:00:00,primary,certified,False,President - Vice Pres,,Buddy Roemer,,,,,REP,,Worcester,ocd-division/country:us/state:md/county:worcester,24,,,,,2012,18,3,0,0
2015-10-09 20:43:13.566000,md-2012-04-03-primary,2012-04-03 00:00:00,2012-04-03 00:00:00,primary,certified,False,President - Vice Pres,,Mitt Romney,,,,,REP,,Worcester,ocd-division/country:us/state:md/county:worcester,2279,,,,,2012,1870,112,12,10
2015-10-09 20:43:13.566000,md-2012-04-03-primary,2012-04-03 00:00:00,2012-04-03 00:00:00,primary,certified,False,President - Vice Pres,,Rick Santorum,,,,,REP,,Worcester,ocd-division/country:us/state:md/county:worcester,1163,,,,,2012,960,49,7,7
2015-10-09 20:43:34.583000,md-2012-04-03-primary,2012-04-03 00:00:00,2012-04-03 00:00:00,primary,certified,False,President - Vice Pres,,Barack Obama,,,,,DEM,,Baltimore City,ocd-division/country:us/state:md/place:baltimore,3731,,,,,2012,3012,61,5,75
2015-10-09 20:43:34.583000,md-2012-04-03-primary,2012-04-03 00:00:00,2012-04-03 00:00:00,primary,certified,False,President - Vice Pres,,Uncommitted To Any Presidential Candidate,,,,,DEM,,Baltimore City,ocd-division/country:us/state:md/place:baltimore,220,,,,,2012,194,7,0,3
2015-10-09 20:43:34.583000,md-2012-04-03-primary,2012-04-03 00:00:00,2012-04-03 00:00:00,primary,certified,False,President - Vice Pres,,Barack Obama,,,,,DEM,,Baltimore City,ocd-division/country:us/state:md/place:baltimore,8113,,,,,2012,6502,321,11,55
2015-10-09 20:43:34.583000,md-2012-04-03-primary,2012-04-03 00:00:00,2012-04-03 00:00:00,primary,certified,False,President - Vice Pres,,Uncommitted To Any Presidential Candidate,,,,,DEM,,Baltimore City,ocd-division/country:us/state:md/place:baltimore,1215,,,,,2012,1019,55,1,6
2015-10-09 20:43:34.583000,md-2012-04-03-primary,2012-04-03 00:00:00,2012-04-03 00:00:00,primary,certified,False,President - Vice Pres,,Barack Obama,,,,,DEM,,Baltimore City,ocd-division/country:us/state:md/place:baltimore,28504,,,,,2012,22237,762,41,468
2015-10-09 20:43:34.583000,md-2012-04-03-primary,2012-04-03 00:00:00,2012-04-03 00:00:00,primary,certified,False,President - Vice Pres,,Uncommitted To Any Presidential Candidate,,,,,DEM,,Baltimore City,ocd-division/country:us/state:md/place:baltimore,588,,,,,2012,492,22,5,6
2015-10-09 20:43:41.741000,md-2012-04-03-primary,2012-04-03 00:00:00,2012-04-03 00:00:00,primary,certified,False,President - Vice Pres,,Newt Gingrich,,,,,REP,,Baltimore City,ocd-division/country:us/state:md/place:baltimore,67,,,,,2012,61,1,0,0
2015-10-09 20:43:41.741000,md-2012-04-03-primary,2012-04-03 00:00:00,2012-04-03 00:00:00,primary,certified,False,President - Vice Pres,,Jon Huntsman,,,,,REP,,Baltimore City,ocd-division/country:us/state:md/place:baltimore,2,,,,,2012,1,0,0,0
2015-10-09 20:43:41.741000,md-2012-04-03-primary,2012-04-03 00:00:00,2012-04-03 00:00:00,primary,certified,False,President - Vice Pres,,Fred Karger,,,,,REP,,Baltimore City,ocd-division/country:us/state:md/place:baltimore,2,,,,,2012,2,0,0,0
2015-10-09 20:43:41.741000,md-2012-04-03-primary,2012-04-03 00:00:00,2012-04-03 00:00:00,primary,certified,False,President - Vice Pres,,Ron Paul,,,,,REP,,Baltimore City,ocd-division/country:us/state:md/place:baltimore,62,,,,,2012,53,5,0,1
2015-10-09 20:43:41.741000,md-2012-04-03-primary,2012-04-03 00:00:00,2012-04-03 00:00:00,primary,certified,False,President - Vice Pres,,Rick Perry,,,,,REP,,Baltimore City,ocd-division/country:us/state:md/place:baltimore,7,,,,,2012,5,0,1,0
2015-10-09 20:43:41.741000,md-2012-04-03-primary,2012-04-03 00:00:00,2012-04-03 00:00:00,primary,certified,False,President - Vice Pres,,Buddy Roemer,,,,,REP,,Baltimore City,ocd-division/country:us/state:md/place:baltimore,4,,,,,2012,1,0,1,0
2015-10-09 20:43:41.741000,md-2012-04-03-primary,2012-04-03 00:00:00,2012-04-03 00:00:00,primary,certified,False,President - Vice Pres,,Mitt Romney,,,,,REP,,Baltimore City,ocd-division/country:us/state:md/place:baltimore,148,,,,,2012,129,7,0,2
2015-10-09 20:43:41.741000,md-2012-04-03-primary,2012-04-03 00:00:00,2012-04-03 00:00:00,primary,certified,False,President - Vice Pres,,Rick Santorum,,,,,REP,,Baltimore City,ocd-division/country:us/state:md/place:baltimore,169,,,,,2012,140,3,2,3
2015-10-09 20:43:41.741000,md-2012-04-03-primary,2012-04-03 00:00:00,2012-04-03 00:00:00,primary,certified,False,President - Vice Pres,,Newt Gingrich,,,,,REP,,Baltimore City,ocd-division/country:us/state:md/place:baltimore,261,,,,,2012,230,6,0,4
2015-10-09 20:43:41.741000,md-2012-04-03-primary,2012-04-03 00:00:00,2012-04-03 00:00:00,primary,certified,False,President - Vice Pres,,Jon Huntsman,,,,,REP,,Baltimore City,ocd-division/country:us/state:md/place:baltimore,16,,,,,2012,13,0,0,0
2015-10-09 20:43:41.741000,md-2012-04-03-primary,2012-04-03 00:00:00,2012-04-03 00:00:00,primary,certified,False,President - Vice Pres,,Fred Karger,,,,,REP,,Baltimore City,ocd-division/country:us/state:md/place:baltimore,4,,,,,2012,1,0,0,0
2015-10-09 20:43:41.741000,md-2012-04-03-primary,2012-04-03 00:00:00,2012-04-03 00:00:00,primary,certified,False,President - Vice Pres,,Ron Paul,,,,,REP,,Baltimore City,ocd-division/country:us/state:md/place:baltimore,366,,,,,2012,338,7,3,2
2015-10-09 20:43:41.741000,md-2012-04-03-primary,2012-04-03 00:00:00,2012-04-03 00:00:00,primary,certified,False,President - Vice Pres,,Rick Perry,,,,,REP,,Baltimore City,ocd-division/country:us/state:md/place:baltimore,12,,,,,2012,10,0,0,0
2015-10-09 20:43:41.741000,md-2012-04-03-primary,2012-04-03 00:00:00,2012-04-03 00:00:00,primary,certified,False,President - Vice Pres,,Buddy Roemer,,,,,REP,,Baltimore City,ocd-division/country:us/state:md/place:baltimore,16,,,,,2012,13,0,0,0
2015-10-09 20:43:41.741000,md-2012-04-03-primary,2012-04-03 00:00:00,2012-04-03 00:00:00,primary,certified,False,President - Vice Pres,,Mitt Romney,,,,,REP,,Baltimore City,ocd-division/country:us/state:md/place:baltimore,1367,,,,,2012,1176,44,4,12
2015-10-09 20:43:41.741000,md-2012-04-03-primary,2012-04-03 00:00:00,2012-04-03 00:00:00,primary,certified,False,President - Vice Pres,,Rick Santorum,,,,,REP,,Baltimore City,ocd-division/country:us/state:md/place:baltimore,643,,,,,2012,583,10,2,8
2015-10-09 20:43:41.741000,md-2012-04-03-primary,2012-04-03 00:00:00,2012-04-03 00:00:00,primary,certified,False,President - Vice Pres,,Newt Gingrich,,,,,REP,,Baltimore City,ocd-division/country:us/state:md/place:baltimore,157,,,,,2012,131,10,2,4
2015-10-09 20:43:41.741000,md-2012-04-03-primary,2012-04-03 00:00:00,2012-04-03 00:00:00,primary,certified,False,President - Vice Pres,,Jon Huntsman,,,,,REP,,Baltimore City,ocd-division/country:us/state:md/place:baltimore,31,,,,,2012,21,1,0,3
2015-10-09 20:43:41.741000,md-2012-04-03-primary,2012-04-03 00:00:00,2012-04-03 00:00:00,primary,certified,False,President - Vice Pres,,Fred Karger,,,,,REP,,Baltimore City,ocd-division/country:us/state:md/place:baltimore,16,,,,,2012,11,1,2,0
2015-10-09 20:43:41.741000,md-2012-04-03-primary,2012-04-03 00:00:00,2012-04-03 00:00:00,primary,certified,False,President - Vice Pres,,Ron Paul,,,,,REP,,Baltimore City,ocd-division/country:us/state:md/place:baltimore,226,,,,,2012,185,6,3,6
2015-10-09 20:43:41.741000,md-2012-04-03-primary,2012-04-03 00:00:00,2012-04-03 00:00:00,primary,certified,False,President - Vice Pres,,Rick Perry,,,,,REP,,Baltimore City,ocd-division/country:us/state:md/place:baltimore,12,,,,,2012,8,0,0,1
2015-10-09 20:43:41.741000,md-2012-04-03-primary,2012-04-03 00:00:00,2012-04-03 00:00:00,primary,certified,False,President - Vice Pres,,Buddy Roemer,,,,,REP,,Baltimore City,ocd-division/country:us/state:md/place:baltimore,10,,,,,2012,6,0,0,1
2015-10-09 20:43:41.741000,md-2012-04-03-primary,2012-04-03 00:00:00,2012-04-03 00:00:00,primary,certified,False,President - Vice Pres,,Mitt Romney,,,,,REP,,Baltimore City,ocd-division/country:us/state:md/place:baltimore,422,,,,,2012,357,12,0,9
2015-10-09 20:43:41.741000,md-2012-04-03-primary,2012-04-03 00:00:00,2012-04-03 00:00:00,primary,certified,False,President - Vice Pres,,Rick Santorum,,,,,REP,,Baltimore City,ocd-division/country:us/state:md/place:baltimore,338,,,,,2012,278,7,0,10
